close_time,Year,Month,day,hour
2020-12-28 00:59:59,2020,déc.,28,24
2020-12-31 00:59:59,2020,déc.,31,24
2021-01-03 00:59:59,2021,janv.,03,24
2021-01-06 00:59:59,2021,janv.,06,24
2021-01-09 00:59:59,2021,janv.,09,24
2021-01-12 00:59:59,2021,janv.,12,24
2021-01-15 00:59:59,2021,janv.,15,24
2021-01-18 00:59:59,2021,janv.,18,24
2021-01-21 00:59:59,2021,janv.,21,24
2021-01-24 00:59:59,2021,janv.,24,24
2021-01-27 00:59:59,2021,janv.,27,24
2021-01-30 00:59:59,2021,janv.,30,24
2021-02-02 00:59:59,2021,févr.,02,24
2021-02-05 00:59:59,2021,févr.,05,24
2021-02-08 00:59:59,2021,févr.,08,24
2021-02-11 00:59:59,2021,févr.,11,24
2021-02-14 00:59:59,2021,févr.,14,24
2021-02-17 00:59:59,2021,févr.,17,24
2021-02-20 00:59:59,2021,févr.,20,24
2021-02-23 00:59:59,2021,févr.,23,24
2021-02-26 00:59:59,2021,févr.,26,24
2021-03-01 00:59:59,2021,mars,01,24
2021-03-04 00:59:59,2021,mars,04,24
2021-03-07 00:59:59,2021,mars,07,24
2021-03-10 00:59:59,2021,mars,10,24
2021-03-13 00:59:59,2021,mars,13,24
2021-03-16 00:59:59,2021,mars,16,24
2021-03-19 00:59:59,2021,mars,19,24
2021-03-22 00:59:59,2021,mars,22,24
2021-03-25 00:59:59,2021,mars,25,24
2021-03-28 00:59:59,2021,mars,28,24
2021-03-31 01:59:59,2021,mars,31,01
2021-04-03 01:59:59,2021,avr.,03,01
2021-04-06 01:59:59,2021,avr.,06,01
2021-04-09 01:59:59,2021,avr.,09,01
2021-04-12 01:59:59,2021,avr.,12,01
2021-04-15 01:59:59,2021,avr.,15,01
2021-04-18 01:59:59,2021,avr.,18,01
2021-04-21 01:59:59,2021,avr.,21,01
2021-04-24 01:59:59,2021,avr.,24,01
2021-04-27 01:59:59,2021,avr.,27,01
2021-04-30 01:59:59,2021,avr.,30,01
2021-05-03 01:59:59,2021,mai,03,01
2021-05-06 01:59:59,2021,mai,06,01
2021-05-09 01:59:59,2021,mai,09,01
2021-05-12 01:59:59,2021,mai,12,01
2021-05-15 01:59:59,2021,mai,15,01
2021-05-18 01:59:59,2021,mai,18,01
2021-05-21 01:59:59,2021,mai,21,01
2021-05-24 01:59:59,2021,mai,24,01
2021-05-27 01:59:59,2021,mai,27,01
2021-05-30 01:59:59,2021,mai,30,01
2021-06-02 01:59:59,2021,juin,02,01
2021-06-05 01:59:59,2021,juin,05,01
2021-06-08 01:59:59,2021,juin,08,01
2021-06-11 01:59:59,2021,juin,11,01
2021-06-14 01:59:59,2021,juin,14,01
2021-06-17 01:59:59,2021,juin,17,01
2021-06-20 01:59:59,2021,juin,20,01
2021-06-23 01:59:59,2021,juin,23,01
2021-06-26 01:59:59,2021,juin,26,01
2021-06-29 01:59:59,2021,juin,29,01
2021-07-02 01:59:59,2021,juil.,02,01
2021-07-05 01:59:59,2021,juil.,05,01
2021-07-08 01:59:59,2021,juil.,08,01
2021-07-11 01:59:59,2021,juil.,11,01
2021-07-14 01:59:59,2021,juil.,14,01
2021-07-17 01:59:59,2021,juil.,17,01
2021-07-20 01:59:59,2021,juil.,20,01
2021-07-23 01:59:59,2021,juil.,23,01
2021-07-26 01:59:59,2021,juil.,26,01
2021-07-29 01:59:59,2021,juil.,29,01
2021-08-01 01:59:59,2021,août,01,01
2021-08-04 01:59:59,2021,août,04,01
2021-08-07 01:59:59,2021,août,07,01
2021-08-10 01:59:59,2021,août,10,01
2021-08-13 01:59:59,2021,août,13,01
2021-08-16 01:59:59,2021,août,16,01
2021-08-19 01:59:59,2021,août,19,01
2021-08-22 01:59:59,2021,août,22,01
2021-08-25 01:59:59,2021,août,25,01
2021-08-28 01:59:59,2021,août,28,01
2021-08-31 01:59:59,2021,août,31,01
2021-09-03 01:59:59,2021,sept.,03,01
2021-09-06 01:59:59,2021,sept.,06,01
2021-09-09 01:59:59,2021,sept.,09,01
2021-09-12 01:59:59,2021,sept.,12,01
2021-09-15 01:59:59,2021,sept.,15,01
2021-09-18 01:59:59,2021,sept.,18,01
2021-09-21 01:59:59,2021,sept.,21,01
2021-09-24 01:59:59,2021,sept.,24,01
2021-09-27 01:59:59,2021,sept.,27,01
2021-09-30 01:59:59,2021,sept.,30,01
2021-10-03 01:59:59,2021,oct.,03,01
2021-10-06 01:59:59,2021,oct.,06,01
2021-10-09 01:59:59,2021,oct.,09,01
2021-10-12 01:59:59,2021,oct.,12,01
2021-10-15 01:59:59,2021,oct.,15,01
2021-10-18 01:59:59,2021,oct.,18,01
2021-10-21 01:59:59,2021,oct.,21,01
2021-10-24 01:59:59,2021,oct.,24,01
2021-10-27 01:59:59,2021,oct.,27,01
2021-10-30 01:59:59,2021,oct.,30,01
2021-11-02 00:59:59,2021,nov.,02,24
2021-11-05 00:59:59,2021,nov.,05,24
2021-11-08 00:59:59,2021,nov.,08,24
2021-11-11 00:59:59,2021,nov.,11,24
2021-11-14 00:59:59,2021,nov.,14,24
2021-11-17 00:59:59,2021,nov.,17,24
2021-11-20 00:59:59,2021,nov.,20,24
2021-11-23 00:59:59,2021,nov.,23,24
2021-11-26 00:59:59,2021,nov.,26,24
2021-11-29 00:59:59,2021,nov.,29,24
2021-12-02 00:59:59,2021,déc.,02,24
2021-12-05 00:59:59,2021,déc.,05,24
2021-12-08 00:59:59,2021,déc.,08,24
2021-12-11 00:59:59,2021,déc.,11,24
2021-12-14 00:59:59,2021,déc.,14,24
2021-12-17 00:59:59,2021,déc.,17,24
2021-12-20 00:59:59,2021,déc.,20,24
2021-12-23 00:59:59,2021,déc.,23,24
2021-12-26 00:59:59,2021,déc.,26,24
2021-12-29 00:59:59,2021,déc.,29,24
2022-01-01 00:59:59,2022,janv.,01,24
2022-01-04 00:59:59,2022,janv.,04,24
2022-01-07 00:59:59,2022,janv.,07,24
2022-01-10 00:59:59,2022,janv.,10,24
2022-01-13 00:59:59,2022,janv.,13,24
2022-01-16 00:59:59,2022,janv.,16,24
2022-01-19 00:59:59,2022,janv.,19,24
2022-01-22 00:59:59,2022,janv.,22,24
2022-01-25 00:59:59,2022,janv.,25,24
2022-01-28 00:59:59,2022,janv.,28,24
2022-01-31 00:59:59,2022,janv.,31,24
2022-02-03 00:59:59,2022,févr.,03,24
2022-02-06 00:59:59,2022,févr.,06,24
2022-02-09 00:59:59,2022,févr.,09,24
2022-02-12 00:59:59,2022,févr.,12,24
2022-02-15 00:59:59,2022,févr.,15,24
2022-02-18 00:59:59,2022,févr.,18,24
2022-02-21 00:59:59,2022,févr.,21,24
2022-02-24 00:59:59,2022,févr.,24,24
2022-02-27 00:59:59,2022,févr.,27,24
2022-03-02 00:59:59,2022,mars,02,24
2022-03-05 00:59:59,2022,mars,05,24
2022-03-08 00:59:59,2022,mars,08,24
2022-03-11 00:59:59,2022,mars,11,24
2022-03-14 00:59:59,2022,mars,14,24
2022-03-17 00:59:59,2022,mars,17,24
2022-03-20 00:59:59,2022,mars,20,24
2022-03-23 00:59:59,2022,mars,23,24
2022-03-26 00:59:59,2022,mars,26,24
2022-03-29 01:59:59,2022,mars,29,01
2022-04-01 01:59:59,2022,avr.,01,01
2022-04-04 01:59:59,2022,avr.,04,01
2022-04-07 01:59:59,2022,avr.,07,01
2022-04-10 01:59:59,2022,avr.,10,01
2022-04-13 01:59:59,2022,avr.,13,01
2022-04-16 01:59:59,2022,avr.,16,01
2022-04-19 01:59:59,2022,avr.,19,01
2022-04-22 01:59:59,2022,avr.,22,01
2022-04-25 01:59:59,2022,avr.,25,01
2022-04-28 01:59:59,2022,avr.,28,01
2022-05-01 01:59:59,2022,mai,01,01
2022-05-04 01:59:59,2022,mai,04,01
2022-05-07 01:59:59,2022,mai,07,01
2022-05-10 01:59:59,2022,mai,10,01
2022-05-13 01:59:59,2022,mai,13,01
2022-05-16 01:59:59,2022,mai,16,01
2022-05-19 01:59:59,2022,mai,19,01
2022-05-22 01:59:59,2022,mai,22,01
2022-05-25 01:59:59,2022,mai,25,01
2022-05-28 01:59:59,2022,mai,28,01
2022-05-31 01:59:59,2022,mai,31,01
2022-06-03 01:59:59,2022,juin,03,01
2022-06-06 01:59:59,2022,juin,06,01
2022-06-09 01:59:59,2022,juin,09,01
2022-06-12 01:59:59,2022,juin,12,01
2022-06-15 01:59:59,2022,juin,15,01
2022-06-18 01:59:59,2022,juin,18,01
2022-06-21 01:59:59,2022,juin,21,01
2022-06-24 01:59:59,2022,juin,24,01
2022-06-27 01:59:59,2022,juin,27,01
2022-06-30 01:59:59,2022,juin,30,01
2022-07-03 01:59:59,2022,juil.,03,01
2022-07-06 01:59:59,2022,juil.,06,01
2022-07-09 01:59:59,2022,juil.,09,01
2022-07-12 01:59:59,2022,juil.,12,01
2022-07-15 01:59:59,2022,juil.,15,01
2022-07-18 01:59:59,2022,juil.,18,01
2022-07-21 01:59:59,2022,juil.,21,01
2022-07-24 01:59:59,2022,juil.,24,01
2022-07-27 01:59:59,2022,juil.,27,01
2022-07-30 01:59:59,2022,juil.,30,01
2022-08-02 01:59:59,2022,août,02,01
2022-08-05 01:59:59,2022,août,05,01
2022-08-08 01:59:59,2022,août,08,01
2022-08-11 01:59:59,2022,août,11,01
2022-08-14 01:59:59,2022,août,14,01
2022-08-17 01:59:59,2022,août,17,01
2022-08-20 01:59:59,2022,août,20,01
2022-08-23 01:59:59,2022,août,23,01
2022-08-26 01:59:59,2022,août,26,01
2022-08-29 01:59:59,2022,août,29,01
2022-09-01 01:59:59,2022,sept.,01,01
2022-09-04 01:59:59,2022,sept.,04,01
2022-09-07 01:59:59,2022,sept.,07,01
2022-09-10 01:59:59,2022,sept.,10,01
2022-09-13 01:59:59,2022,sept.,13,01
2022-09-16 01:59:59,2022,sept.,16,01
2022-09-19 01:59:59,2022,sept.,19,01
2022-09-22 01:59:59,2022,sept.,22,01
2022-09-25 01:59:59,2022,sept.,25,01
2022-09-28 01:59:59,2022,sept.,28,01
2022-10-01 01:59:59,2022,oct.,01,01
2022-10-04 01:59:59,2022,oct.,04,01
2022-10-07 01:59:59,2022,oct.,07,01
2022-10-10 01:59:59,2022,oct.,10,01
2022-10-13 01:59:59,2022,oct.,13,01
2022-10-16 01:59:59,2022,oct.,16,01
2022-10-19 01:59:59,2022,oct.,19,01
2022-10-22 01:59:59,2022,oct.,22,01
2022-10-25 01:59:59,2022,oct.,25,01
2022-10-28 01:59:59,2022,oct.,28,01
2022-10-31 00:59:59,2022,oct.,31,24
2022-11-03 00:59:59,2022,nov.,03,24
2022-11-06 00:59:59,2022,nov.,06,24
2022-11-09 00:59:59,2022,nov.,09,24
2022-11-12 00:59:59,2022,nov.,12,24
2022-11-15 00:59:59,2022,nov.,15,24
2022-11-18 00:59:59,2022,nov.,18,24
2022-11-21 00:59:59,2022,nov.,21,24
2022-11-24 00:59:59,2022,nov.,24,24
2022-11-27 00:59:59,2022,nov.,27,24
2022-11-30 00:59:59,2022,nov.,30,24
2022-12-03 00:59:59,2022,déc.,03,24
2022-12-06 00:59:59,2022,déc.,06,24
2022-12-09 00:59:59,2022,déc.,09,24
2022-12-12 00:59:59,2022,déc.,12,24
2022-12-15 00:59:59,2022,déc.,15,24
2022-12-18 00:59:59,2022,déc.,18,24
2022-12-21 00:59:59,2022,déc.,21,24
2022-12-24 00:59:59,2022,déc.,24,24
2022-12-27 00:59:59,2022,déc.,27,24
2022-12-30 00:59:59,2022,déc.,30,24
2023-01-02 00:59:59,2023,janv.,02,24
2023-01-05 00:59:59,2023,janv.,05,24
2023-01-08 00:59:59,2023,janv.,08,24
2023-01-11 00:59:59,2023,janv.,11,24
2023-01-14 00:59:59,2023,janv.,14,24
2023-01-17 00:59:59,2023,janv.,17,24
2023-01-20 00:59:59,2023,janv.,20,24
2023-01-23 00:59:59,2023,janv.,23,24
2023-01-26 00:59:59,2023,janv.,26,24
2023-01-29 00:59:59,2023,janv.,29,24
2023-02-01 00:59:59,2023,févr.,01,24
2023-02-04 00:59:59,2023,févr.,04,24
2023-02-07 00:59:59,2023,févr.,07,24
2023-02-10 00:59:59,2023,févr.,10,24
2023-02-13 00:59:59,2023,févr.,13,24
2023-02-16 00:59:59,2023,févr.,16,24
2023-02-19 00:59:59,2023,févr.,19,24
2023-02-22 00:59:59,2023,févr.,22,24
2023-02-25 00:59:59,2023,févr.,25,24
2023-02-28 00:59:59,2023,févr.,28,24
2023-03-03 00:59:59,2023,mars,03,24
2023-03-06 00:59:59,2023,mars,06,24
2023-03-09 00:59:59,2023,mars,09,24
2023-03-12 00:59:59,2023,mars,12,24
2023-03-15 00:59:59,2023,mars,15,24
2023-03-18 00:59:59,2023,mars,18,24
2023-03-21 00:59:59,2023,mars,21,24
2023-03-24 00:59:59,2023,mars,24,24
2023-03-27 01:59:59,2023,mars,27,01
2023-03-30 01:59:59,2023,mars,30,01
2023-04-02 01:59:59,2023,avr.,02,01
2023-04-05 01:59:59,2023,avr.,05,01
2023-04-08 01:59:59,2023,avr.,08,01
2023-04-11 01:59:59,2023,avr.,11,01
2023-04-14 01:59:59,2023,avr.,14,01
2023-04-17 01:59:59,2023,avr.,17,01
2023-04-20 01:59:59,2023,avr.,20,01
2023-04-23 01:59:59,2023,avr.,23,01
2023-04-26 01:59:59,2023,avr.,26,01
2023-04-29 01:59:59,2023,avr.,29,01
2023-05-02 01:59:59,2023,mai,02,01
2023-05-05 01:59:59,2023,mai,05,01
2023-05-08 01:59:59,2023,mai,08,01
2023-05-11 01:59:59,2023,mai,11,01
2023-05-14 01:59:59,2023,mai,14,01
2023-05-17 01:59:59,2023,mai,17,01
2023-05-20 01:59:59,2023,mai,20,01
2023-05-23 01:59:59,2023,mai,23,01
2023-05-26 01:59:59,2023,mai,26,01
2023-05-29 01:59:59,2023,mai,29,01
2023-06-01 01:59:59,2023,juin,01,01
2023-06-04 01:59:59,2023,juin,04,01
2023-06-07 01:59:59,2023,juin,07,01
2023-06-10 01:59:59,2023,juin,10,01
2023-06-13 01:59:59,2023,juin,13,01
2023-06-16 01:59:59,2023,juin,16,01
2023-06-19 01:59:59,2023,juin,19,01
2023-06-22 01:59:59,2023,juin,22,01
2023-06-25 01:59:59,2023,juin,25,01
2023-06-28 01:59:59,2023,juin,28,01
2023-07-01 01:59:59,2023,juil.,01,01
2023-07-04 01:59:59,2023,juil.,04,01
2023-07-07 01:59:59,2023,juil.,07,01
2023-07-10 01:59:59,2023,juil.,10,01
2023-07-13 01:59:59,2023,juil.,13,01
2023-07-16 01:59:59,2023,juil.,16,01
2023-07-19 01:59:59,2023,juil.,19,01
2023-07-22 01:59:59,2023,juil.,22,01
2023-07-25 01:59:59,2023,juil.,25,01
2023-07-28 01:59:59,2023,juil.,28,01
2023-07-31 01:59:59,2023,juil.,31,01
2023-08-03 01:59:59,2023,août,03,01
2023-08-06 01:59:59,2023,août,06,01
2023-08-09 01:59:59,2023,août,09,01
2023-08-12 01:59:59,2023,août,12,01
2023-08-15 01:59:59,2023,août,15,01
2023-08-18 01:59:59,2023,août,18,01
2023-08-21 01:59:59,2023,août,21,01
2023-08-24 01:59:59,2023,août,24,01
2023-08-27 01:59:59,2023,août,27,01
2023-08-30 01:59:59,2023,août,30,01
2023-09-02 01:59:59,2023,sept.,02,01
2023-09-05 01:59:59,2023,sept.,05,01
2023-09-08 01:59:59,2023,sept.,08,01
2023-09-11 01:59:59,2023,sept.,11,01
2023-09-14 01:59:59,2023,sept.,14,01
2023-09-17 01:59:59,2023,sept.,17,01
2023-09-20 01:59:59,2023,sept.,20,01
2023-09-23 01:59:59,2023,sept.,23,01
2023-09-26 01:59:59,2023,sept.,26,01
2023-09-29 01:59:59,2023,sept.,29,01
2023-10-02 01:59:59,2023,oct.,02,01
2023-10-05 01:59:59,2023,oct.,05,01
2023-10-08 01:59:59,2023,oct.,08,01
2023-10-11 01:59:59,2023,oct.,11,01
2023-10-14 01:59:59,2023,oct.,14,01
2023-10-17 01:59:59,2023,oct.,17,01
2023-10-20 01:59:59,2023,oct.,20,01
2023-10-23 01:59:59,2023,oct.,23,01
2023-10-26 01:59:59,2023,oct.,26,01
2023-10-29 01:59:59,2023,oct.,29,01
2023-11-01 00:59:59,2023,nov.,01,24
2023-11-04 00:59:59,2023,nov.,04,24
2023-11-07 00:59:59,2023,nov.,07,24
2023-11-10 00:59:59,2023,nov.,10,24
2023-11-13 00:59:59,2023,nov.,13,24
2023-11-16 00:59:59,2023,nov.,16,24
2023-11-19 00:59:59,2023,nov.,19,24
2023-11-22 00:59:59,2023,nov.,22,24
2023-11-25 00:59:59,2023,nov.,25,24
2023-11-28 00:59:59,2023,nov.,28,24
2023-12-01 00:59:59,2023,déc.,01,24
2023-12-04 00:59:59,2023,déc.,04,24
2023-12-07 00:59:59,2023,déc.,07,24
2023-12-10 00:59:59,2023,déc.,10,24
2023-12-13 00:59:59,2023,déc.,13,24
2023-12-16 00:59:59,2023,déc.,16,24
2023-12-19 00:59:59,2023,déc.,19,24
2023-12-22 00:59:59,2023,déc.,22,24
2023-12-25 00:59:59,2023,déc.,25,24
2023-12-28 00:59:59,2023,déc.,28,24
2023-10-06 06:59:59,2023,oct.,06,06
2021-04-17 01:59:59,2021,avr.,17,01
2021-04-20 01:59:59,2021,avr.,20,01
2021-04-23 01:59:59,2021,avr.,23,01
2021-04-26 01:59:59,2021,avr.,26,01
2021-04-29 01:59:59,2021,avr.,29,01
2021-05-02 01:59:59,2021,mai,02,01
2021-05-05 01:59:59,2021,mai,05,01
2021-05-08 01:59:59,2021,mai,08,01
2021-05-11 01:59:59,2021,mai,11,01
2021-05-14 01:59:59,2021,mai,14,01
2021-05-17 01:59:59,2021,mai,17,01
2021-05-20 01:59:59,2021,mai,20,01
2021-05-23 01:59:59,2021,mai,23,01
2021-05-26 01:59:59,2021,mai,26,01
2021-05-29 01:59:59,2021,mai,29,01
2021-06-01 01:59:59,2021,juin,01,01
2021-06-04 01:59:59,2021,juin,04,01
2021-06-07 01:59:59,2021,juin,07,01
2021-06-10 01:59:59,2021,juin,10,01
2021-06-13 01:59:59,2021,juin,13,01
2021-06-16 01:59:59,2021,juin,16,01
2021-06-19 01:59:59,2021,juin,19,01
2021-06-22 01:59:59,2021,juin,22,01
2021-06-25 01:59:59,2021,juin,25,01
2021-06-28 01:59:59,2021,juin,28,01
2021-07-01 01:59:59,2021,juil.,01,01
2021-07-04 01:59:59,2021,juil.,04,01
2021-07-07 01:59:59,2021,juil.,07,01
2021-07-10 01:59:59,2021,juil.,10,01
2021-07-13 01:59:59,2021,juil.,13,01
2021-07-16 01:59:59,2021,juil.,16,01
2021-07-19 01:59:59,2021,juil.,19,01
2021-07-22 01:59:59,2021,juil.,22,01
2021-07-25 01:59:59,2021,juil.,25,01
2021-07-28 01:59:59,2021,juil.,28,01
2021-07-31 01:59:59,2021,juil.,31,01
2021-08-03 01:59:59,2021,août,03,01
2021-08-06 01:59:59,2021,août,06,01
2021-08-09 01:59:59,2021,août,09,01
2021-08-12 01:59:59,2021,août,12,01
2021-08-15 01:59:59,2021,août,15,01
2021-08-18 01:59:59,2021,août,18,01
2021-08-21 01:59:59,2021,août,21,01
2021-08-24 01:59:59,2021,août,24,01
2021-08-27 01:59:59,2021,août,27,01
2021-08-30 01:59:59,2021,août,30,01
2021-09-02 01:59:59,2021,sept.,02,01
2021-09-05 01:59:59,2021,sept.,05,01
2021-09-08 01:59:59,2021,sept.,08,01
2021-09-11 01:59:59,2021,sept.,11,01
2021-09-14 01:59:59,2021,sept.,14,01
2021-09-17 01:59:59,2021,sept.,17,01
2021-09-20 01:59:59,2021,sept.,20,01
2021-09-23 01:59:59,2021,sept.,23,01
2021-09-26 01:59:59,2021,sept.,26,01
2021-09-29 01:59:59,2021,sept.,29,01
2021-10-02 01:59:59,2021,oct.,02,01
2021-10-05 01:59:59,2021,oct.,05,01
2021-10-08 01:59:59,2021,oct.,08,01
2021-10-11 01:59:59,2021,oct.,11,01
2021-10-14 01:59:59,2021,oct.,14,01
2021-10-17 01:59:59,2021,oct.,17,01
2021-10-20 01:59:59,2021,oct.,20,01
2021-10-23 01:59:59,2021,oct.,23,01
2021-10-26 01:59:59,2021,oct.,26,01
2021-10-29 01:59:59,2021,oct.,29,01
2021-11-01 00:59:59,2021,nov.,01,24
2021-11-04 00:59:59,2021,nov.,04,24
2021-11-07 00:59:59,2021,nov.,07,24
2021-11-10 00:59:59,2021,nov.,10,24
2021-11-13 00:59:59,2021,nov.,13,24
2021-11-16 00:59:59,2021,nov.,16,24
2021-11-19 00:59:59,2021,nov.,19,24
2021-11-22 00:59:59,2021,nov.,22,24
2021-11-25 00:59:59,2021,nov.,25,24
2021-11-28 00:59:59,2021,nov.,28,24
2021-12-01 00:59:59,2021,déc.,01,24
2021-12-02 04:00:01,2021,déc.,02,04
2021-12-02 04:00:01,2021,déc.,02,04
2020-10-18 01:59:59,2020,oct.,18,01
2020-10-21 01:59:59,2020,oct.,21,01
2020-10-24 01:59:59,2020,oct.,24,01
2020-10-27 00:59:59,2020,oct.,27,24
2020-10-30 00:59:59,2020,oct.,30,24
2020-11-02 00:59:59,2020,nov.,02,24
2020-11-05 00:59:59,2020,nov.,05,24
2020-11-08 00:59:59,2020,nov.,08,24
2020-11-11 00:59:59,2020,nov.,11,24
2020-11-14 00:59:59,2020,nov.,14,24
2020-11-17 00:59:59,2020,nov.,17,24
2020-11-20 00:59:59,2020,nov.,20,24
2020-11-23 00:59:59,2020,nov.,23,24
2020-11-26 00:59:59,2020,nov.,26,24
2020-11-29 00:59:59,2020,nov.,29,24
2020-12-02 00:59:59,2020,déc.,02,24
2020-12-05 00:59:59,2020,déc.,05,24
2020-12-08 00:59:59,2020,déc.,08,24
2020-12-11 00:59:59,2020,déc.,11,24
2020-12-14 00:59:59,2020,déc.,14,24
2020-12-17 00:59:59,2020,déc.,17,24
2020-12-20 00:59:59,2020,déc.,20,24
2020-12-23 00:59:59,2020,déc.,23,24
2020-12-26 00:59:59,2020,déc.,26,24
2020-12-29 00:59:59,2020,déc.,29,24
2021-01-01 00:59:59,2021,janv.,01,24
2021-01-04 00:59:59,2021,janv.,04,24
2021-01-07 00:59:59,2021,janv.,07,24
2021-01-10 00:59:59,2021,janv.,10,24
2021-01-13 00:59:59,2021,janv.,13,24
2021-01-14 12:59:59,2021,janv.,14,12
2021-01-16 00:59:59,2021,janv.,16,24
2021-01-19 00:59:59,2021,janv.,19,24
2021-01-22 00:59:59,2021,janv.,22,24
2021-01-25 00:59:59,2021,janv.,25,24
2021-01-28 00:59:59,2021,janv.,28,24
2021-01-31 00:59:59,2021,janv.,31,24
2021-02-03 00:59:59,2021,févr.,03,24
2021-02-06 00:59:59,2021,févr.,06,24
2021-02-09 00:59:59,2021,févr.,09,24
2021-02-12 00:59:59,2021,févr.,12,24
2021-02-15 00:59:59,2021,févr.,15,24
2021-02-18 00:59:59,2021,févr.,18,24
2021-02-21 00:59:59,2021,févr.,21,24
2021-02-24 00:59:59,2021,févr.,24,24
2021-02-27 00:59:59,2021,févr.,27,24
2021-03-02 00:59:59,2021,mars,02,24
2021-03-05 00:59:59,2021,mars,05,24
2021-03-08 00:59:59,2021,mars,08,24
2021-03-11 00:59:59,2021,mars,11,24
2021-03-14 00:59:59,2021,mars,14,24
2021-03-17 00:59:59,2021,mars,17,24
2021-03-20 00:59:59,2021,mars,20,24
2021-03-23 00:59:59,2021,mars,23,24
2021-03-26 00:59:59,2021,mars,26,24
2021-03-29 01:59:59,2021,mars,29,01
2021-04-01 01:59:59,2021,avr.,01,01
2021-04-04 01:59:59,2021,avr.,04,01
2021-04-07 01:59:59,2021,avr.,07,01
2021-04-10 01:59:59,2021,avr.,10,01
2021-04-13 01:59:59,2021,avr.,13,01
2021-04-16 01:59:59,2021,avr.,16,01
2021-04-19 01:59:59,2021,avr.,19,01
2021-04-22 01:59:59,2021,avr.,22,01
2021-04-25 01:59:59,2021,avr.,25,01
2021-04-28 01:59:59,2021,avr.,28,01
2021-05-01 01:59:59,2021,mai,01,01
2021-05-04 01:59:59,2021,mai,04,01
2021-05-07 01:59:59,2021,mai,07,01
2021-05-10 01:59:59,2021,mai,10,01
2021-05-13 01:59:59,2021,mai,13,01
2021-05-16 01:59:59,2021,mai,16,01
2021-05-19 01:59:59,2021,mai,19,01
2021-05-22 01:59:59,2021,mai,22,01
2021-05-25 01:59:59,2021,mai,25,01
2021-05-28 01:59:59,2021,mai,28,01
2021-05-31 01:59:59,2021,mai,31,01
2021-06-03 01:59:59,2021,juin,03,01
2021-06-06 01:59:59,2021,juin,06,01
2021-06-09 01:59:59,2021,juin,09,01
2021-06-12 01:59:59,2021,juin,12,01
2021-06-15 01:59:59,2021,juin,15,01
2021-06-18 01:59:59,2021,juin,18,01
2021-06-21 01:59:59,2021,juin,21,01
2021-06-24 01:59:59,2021,juin,24,01
2021-06-27 01:59:59,2021,juin,27,01
2021-06-30 01:59:59,2021,juin,30,01
2021-07-03 01:59:59,2021,juil.,03,01
2021-07-06 01:59:59,2021,juil.,06,01
2021-07-09 01:59:59,2021,juil.,09,01
2021-07-12 01:59:59,2021,juil.,12,01
2021-07-15 01:59:59,2021,juil.,15,01
2021-07-18 01:59:59,2021,juil.,18,01
2021-07-21 01:59:59,2021,juil.,21,01
2021-07-24 01:59:59,2021,juil.,24,01
2021-07-27 01:59:59,2021,juil.,27,01
2021-07-30 01:59:59,2021,juil.,30,01
2021-08-02 01:59:59,2021,août,02,01
2021-08-05 01:59:59,2021,août,05,01
2021-08-08 01:59:59,2021,août,08,01
2021-08-11 01:59:59,2021,août,11,01
2021-08-14 01:59:59,2021,août,14,01
2021-08-17 01:59:59,2021,août,17,01
2021-08-20 01:59:59,2021,août,20,01
2021-08-23 01:59:59,2021,août,23,01
2021-08-26 01:59:59,2021,août,26,01
2021-08-29 01:59:59,2021,août,29,01
2021-09-01 01:59:59,2021,sept.,01,01
2021-09-04 01:59:59,2021,sept.,04,01
2021-09-07 01:59:59,2021,sept.,07,01
2021-09-10 01:59:59,2021,sept.,10,01
2021-09-13 01:59:59,2021,sept.,13,01
2021-09-16 01:59:59,2021,sept.,16,01
2021-09-19 01:59:59,2021,sept.,19,01
2021-09-22 01:59:59,2021,sept.,22,01
2021-09-25 01:59:59,2021,sept.,25,01
2021-09-28 01:59:59,2021,sept.,28,01
2021-10-01 01:59:59,2021,oct.,01,01
2021-10-04 01:59:59,2021,oct.,04,01
2021-10-07 01:59:59,2021,oct.,07,01
2021-10-10 01:59:59,2021,oct.,10,01
2021-10-13 01:59:59,2021,oct.,13,01
2021-10-16 01:59:59,2021,oct.,16,01
2021-10-19 01:59:59,2021,oct.,19,01
2021-10-22 01:59:59,2021,oct.,22,01
2021-10-25 01:59:59,2021,oct.,25,01
2021-10-28 01:59:59,2021,oct.,28,01
2021-10-31 01:59:59,2021,oct.,31,01
2021-11-03 00:59:59,2021,nov.,03,24
2021-11-06 00:59:59,2021,nov.,06,24
2021-11-09 00:59:59,2021,nov.,09,24
2021-11-12 00:59:59,2021,nov.,12,24
2021-11-15 00:59:59,2021,nov.,15,24
2021-11-18 00:59:59,2021,nov.,18,24
2021-11-21 00:59:59,2021,nov.,21,24
2021-11-24 00:59:59,2021,nov.,24,24
2021-11-27 00:59:59,2021,nov.,27,24
2021-11-30 00:59:59,2021,nov.,30,24
2021-12-03 00:59:59,2021,déc.,03,24
2021-12-06 00:59:59,2021,déc.,06,24
2021-12-09 00:59:59,2021,déc.,09,24
2021-12-12 00:59:59,2021,déc.,12,24
2021-12-15 00:59:59,2021,déc.,15,24
2021-12-18 00:59:59,2021,déc.,18,24
2021-12-21 00:59:59,2021,déc.,21,24
2021-12-24 00:59:59,2021,déc.,24,24
2021-12-27 00:59:59,2021,déc.,27,24
2021-12-30 00:59:59,2021,déc.,30,24
2022-01-02 00:59:59,2022,janv.,02,24
2022-01-05 00:59:59,2022,janv.,05,24
2022-01-08 00:59:59,2022,janv.,08,24
2022-01-11 00:59:59,2022,janv.,11,24
2022-01-14 00:59:59,2022,janv.,14,24
2022-01-17 00:59:59,2022,janv.,17,24
2022-01-20 00:59:59,2022,janv.,20,24
2022-01-23 00:59:59,2022,janv.,23,24
2022-01-26 00:59:59,2022,janv.,26,24
2022-01-29 00:59:59,2022,janv.,29,24
2022-02-01 00:59:59,2022,févr.,01,24
2022-02-04 00:59:59,2022,févr.,04,24
2022-02-07 00:59:59,2022,févr.,07,24
2022-02-10 00:59:59,2022,févr.,10,24
2022-02-13 00:59:59,2022,févr.,13,24
2022-02-16 00:59:59,2022,févr.,16,24
2022-02-19 00:59:59,2022,févr.,19,24
2022-02-22 00:59:59,2022,févr.,22,24
2022-02-25 00:59:59,2022,févr.,25,24
2022-02-28 00:59:59,2022,févr.,28,24
2022-03-03 00:59:59,2022,mars,03,24
2022-03-06 00:59:59,2022,mars,06,24
2022-03-09 00:59:59,2022,mars,09,24
2022-03-12 00:59:59,2022,mars,12,24
2022-03-15 00:59:59,2022,mars,15,24
2022-03-18 00:59:59,2022,mars,18,24
2022-03-21 00:59:59,2022,mars,21,24
2022-03-24 00:59:59,2022,mars,24,24
2022-03-27 00:59:59,2022,mars,27,24
2022-03-30 01:59:59,2022,mars,30,01
2022-04-02 01:59:59,2022,avr.,02,01
2022-04-05 01:59:59,2022,avr.,05,01
2022-04-08 01:59:59,2022,avr.,08,01
2022-04-11 01:59:59,2022,avr.,11,01
2022-04-14 01:59:59,2022,avr.,14,01
2022-04-17 01:59:59,2022,avr.,17,01
2022-04-20 01:59:59,2022,avr.,20,01
2022-04-23 01:59:59,2022,avr.,23,01
2022-04-26 01:59:59,2022,avr.,26,01
2022-04-29 01:59:59,2022,avr.,29,01
2022-05-02 01:59:59,2022,mai,02,01
2022-05-05 01:59:59,2022,mai,05,01
2022-05-08 01:59:59,2022,mai,08,01
2022-05-11 01:59:59,2022,mai,11,01
2022-05-14 01:59:59,2022,mai,14,01
2022-05-17 01:59:59,2022,mai,17,01
2022-05-20 01:59:59,2022,mai,20,01
2022-05-23 01:59:59,2022,mai,23,01
2022-05-26 01:59:59,2022,mai,26,01
2022-05-29 01:59:59,2022,mai,29,01
2022-06-01 01:59:59,2022,juin,01,01
2022-06-04 01:59:59,2022,juin,04,01
2022-06-07 01:59:59,2022,juin,07,01
2022-06-10 01:59:59,2022,juin,10,01
2022-06-13 01:59:59,2022,juin,13,01
2022-06-16 01:59:59,2022,juin,16,01
2022-06-19 01:59:59,2022,juin,19,01
2022-06-22 01:59:59,2022,juin,22,01
2022-06-25 01:59:59,2022,juin,25,01
2022-06-28 01:59:59,2022,juin,28,01
2022-07-01 01:59:59,2022,juil.,01,01
2022-07-04 01:59:59,2022,juil.,04,01
2022-07-07 01:59:59,2022,juil.,07,01
2022-07-10 01:59:59,2022,juil.,10,01
2022-07-13 01:59:59,2022,juil.,13,01
2022-07-16 01:59:59,2022,juil.,16,01
2022-07-19 01:59:59,2022,juil.,19,01
2022-07-22 01:59:59,2022,juil.,22,01
2022-07-25 01:59:59,2022,juil.,25,01
2022-07-28 01:59:59,2022,juil.,28,01
2022-07-31 01:59:59,2022,juil.,31,01
2022-08-03 01:59:59,2022,août,03,01
2022-08-06 01:59:59,2022,août,06,01
2022-08-09 01:59:59,2022,août,09,01
2022-08-12 01:59:59,2022,août,12,01
2022-08-15 01:59:59,2022,août,15,01
2022-08-18 01:59:59,2022,août,18,01
2022-08-21 01:59:59,2022,août,21,01
2022-08-24 01:59:59,2022,août,24,01
2022-08-27 01:59:59,2022,août,27,01
2022-08-30 01:59:59,2022,août,30,01
2022-09-02 01:59:59,2022,sept.,02,01
2022-09-05 01:59:59,2022,sept.,05,01
2022-09-08 01:59:59,2022,sept.,08,01
2022-09-11 01:59:59,2022,sept.,11,01
2022-09-14 01:59:59,2022,sept.,14,01
2022-09-17 01:59:59,2022,sept.,17,01
2022-09-20 01:59:59,2022,sept.,20,01
2022-09-23 01:59:59,2022,sept.,23,01
2022-09-26 01:59:59,2022,sept.,26,01
2022-09-29 01:59:59,2022,sept.,29,01
2022-10-02 01:59:59,2022,oct.,02,01
2022-10-05 01:59:59,2022,oct.,05,01
2022-10-08 01:59:59,2022,oct.,08,01
2022-10-11 01:59:59,2022,oct.,11,01
2022-10-14 01:59:59,2022,oct.,14,01
2022-10-17 01:59:59,2022,oct.,17,01
2022-10-20 01:59:59,2022,oct.,20,01
2022-10-23 01:59:59,2022,oct.,23,01
2022-10-26 01:59:59,2022,oct.,26,01
2022-10-29 01:59:59,2022,oct.,29,01
2022-11-01 00:59:59,2022,nov.,01,24
2022-11-04 00:59:59,2022,nov.,04,24
2022-11-07 00:59:59,2022,nov.,07,24
2022-11-10 00:59:59,2022,nov.,10,24
2022-11-13 00:59:59,2022,nov.,13,24
2022-11-16 00:59:59,2022,nov.,16,24
2022-11-19 00:59:59,2022,nov.,19,24
2022-11-22 00:59:59,2022,nov.,22,24
2022-11-25 00:59:59,2022,nov.,25,24
2022-11-28 00:59:59,2022,nov.,28,24
2022-12-01 00:59:59,2022,déc.,01,24
2022-12-04 00:59:59,2022,déc.,04,24
2022-12-07 00:59:59,2022,déc.,07,24
2022-12-10 00:59:59,2022,déc.,10,24
2022-12-13 00:59:59,2022,déc.,13,24
2022-12-16 00:59:59,2022,déc.,16,24
2022-12-19 00:59:59,2022,déc.,19,24
2022-12-22 00:59:59,2022,déc.,22,24
2022-12-25 00:59:59,2022,déc.,25,24
2022-12-28 00:59:59,2022,déc.,28,24
2022-12-31 00:59:59,2022,déc.,31,24
2023-01-03 00:59:59,2023,janv.,03,24
2023-01-06 00:59:59,2023,janv.,06,24
2023-01-09 00:59:59,2023,janv.,09,24
2023-01-12 00:59:59,2023,janv.,12,24
2023-01-15 00:59:59,2023,janv.,15,24
2023-01-18 00:59:59,2023,janv.,18,24
2023-01-21 00:59:59,2023,janv.,21,24
2023-01-24 00:59:59,2023,janv.,24,24
2023-01-27 00:59:59,2023,janv.,27,24
2023-01-30 00:59:59,2023,janv.,30,24
2023-02-02 00:59:59,2023,févr.,02,24
2023-02-05 00:59:59,2023,févr.,05,24
2023-02-08 00:59:59,2023,févr.,08,24
2023-02-11 00:59:59,2023,févr.,11,24
2023-02-14 00:59:59,2023,févr.,14,24
2023-02-17 00:59:59,2023,févr.,17,24
2023-02-20 00:59:59,2023,févr.,20,24
2023-02-23 00:59:59,2023,févr.,23,24
2023-02-26 00:59:59,2023,févr.,26,24
2023-03-01 00:59:59,2023,mars,01,24
2023-03-04 00:59:59,2023,mars,04,24
2023-03-07 00:59:59,2023,mars,07,24
2023-03-10 00:59:59,2023,mars,10,24
2023-03-13 00:59:59,2023,mars,13,24
2023-03-16 00:59:59,2023,mars,16,24
2023-03-19 00:59:59,2023,mars,19,24
2023-03-22 00:59:59,2023,mars,22,24
2023-03-25 00:59:59,2023,mars,25,24
2023-03-28 01:59:59,2023,mars,28,01
2023-03-31 01:59:59,2023,mars,31,01
2023-04-03 01:59:59,2023,avr.,03,01
2023-04-06 01:59:59,2023,avr.,06,01
2023-04-09 01:59:59,2023,avr.,09,01
2023-04-12 01:59:59,2023,avr.,12,01
2023-04-15 01:59:59,2023,avr.,15,01
2023-04-18 01:59:59,2023,avr.,18,01
2023-04-21 01:59:59,2023,avr.,21,01
2023-04-24 01:59:59,2023,avr.,24,01
2023-04-27 01:59:59,2023,avr.,27,01
2023-04-30 01:59:59,2023,avr.,30,01
2023-05-03 01:59:59,2023,mai,03,01
2023-05-06 01:59:59,2023,mai,06,01
2023-05-09 01:59:59,2023,mai,09,01
2023-05-12 01:59:59,2023,mai,12,01
2023-05-15 01:59:59,2023,mai,15,01
2023-05-18 01:59:59,2023,mai,18,01
2023-05-21 01:59:59,2023,mai,21,01
2023-05-24 01:59:59,2023,mai,24,01
2023-05-27 01:59:59,2023,mai,27,01
2023-05-30 01:59:59,2023,mai,30,01
2023-06-02 01:59:59,2023,juin,02,01
2023-06-05 01:59:59,2023,juin,05,01
2023-06-08 01:59:59,2023,juin,08,01
2023-06-11 01:59:59,2023,juin,11,01
2023-06-14 01:59:59,2023,juin,14,01
2023-06-17 01:59:59,2023,juin,17,01
2023-06-20 01:59:59,2023,juin,20,01
2023-06-23 01:59:59,2023,juin,23,01
2023-06-26 01:59:59,2023,juin,26,01
2023-06-29 01:59:59,2023,juin,29,01
2023-07-02 01:59:59,2023,juil.,02,01
2023-07-05 01:59:59,2023,juil.,05,01
2023-07-08 01:59:59,2023,juil.,08,01
2023-07-11 01:59:59,2023,juil.,11,01
2023-07-14 01:59:59,2023,juil.,14,01
2023-07-17 01:59:59,2023,juil.,17,01
2023-07-20 01:59:59,2023,juil.,20,01
2023-07-23 01:59:59,2023,juil.,23,01
2023-07-26 01:59:59,2023,juil.,26,01
2023-07-29 01:59:59,2023,juil.,29,01
2023-08-01 01:59:59,2023,août,01,01
2023-08-04 01:59:59,2023,août,04,01
2023-08-07 01:59:59,2023,août,07,01
2023-08-10 01:59:59,2023,août,10,01
2023-08-13 01:59:59,2023,août,13,01
2023-08-16 01:59:59,2023,août,16,01
2023-08-19 01:59:59,2023,août,19,01
2023-08-22 01:59:59,2023,août,22,01
2023-08-25 01:59:59,2023,août,25,01
2023-08-28 01:59:59,2023,août,28,01
2023-08-31 01:59:59,2023,août,31,01
2023-09-03 01:59:59,2023,sept.,03,01
2023-09-06 01:59:59,2023,sept.,06,01
2023-09-09 01:59:59,2023,sept.,09,01
2023-09-12 01:59:59,2023,sept.,12,01
2023-09-15 01:59:59,2023,sept.,15,01
2023-09-18 01:59:59,2023,sept.,18,01
2023-09-21 01:59:59,2023,sept.,21,01
2023-09-24 01:59:59,2023,sept.,24,01
2023-09-27 01:59:59,2023,sept.,27,01
2023-09-30 01:59:59,2023,sept.,30,01
2023-10-03 01:59:59,2023,oct.,03,01
2023-10-06 01:59:59,2023,oct.,06,01
2023-10-09 01:59:59,2023,oct.,09,01
2023-10-12 01:59:59,2023,oct.,12,01
2023-10-15 01:59:59,2023,oct.,15,01
2023-10-18 01:59:59,2023,oct.,18,01
2023-10-21 01:59:59,2023,oct.,21,01
2023-10-24 01:59:59,2023,oct.,24,01
2023-10-27 01:59:59,2023,oct.,27,01
2023-10-30 00:59:59,2023,oct.,30,24
2023-11-02 00:59:59,2023,nov.,02,24
2023-11-05 00:59:59,2023,nov.,05,24
2023-11-08 00:59:59,2023,nov.,08,24
2023-11-11 00:59:59,2023,nov.,11,24
2023-11-14 00:59:59,2023,nov.,14,24
2023-11-17 00:59:59,2023,nov.,17,24
2023-11-20 00:59:59,2023,nov.,20,24
2023-11-23 00:59:59,2023,nov.,23,24
2023-11-26 00:59:59,2023,nov.,26,24
2023-11-29 00:59:59,2023,nov.,29,24
2023-12-02 00:59:59,2023,déc.,02,24
2023-12-05 00:59:59,2023,déc.,05,24
2023-12-08 00:59:59,2023,déc.,08,24
2023-12-11 00:59:59,2023,déc.,11,24
2023-12-14 00:59:59,2023,déc.,14,24
2023-12-17 00:59:59,2023,déc.,17,24
2023-12-20 00:59:59,2023,déc.,20,24
2023-12-23 00:59:59,2023,déc.,23,24
2023-12-26 00:59:59,2023,déc.,26,24
2023-12-29 00:59:59,2023,déc.,29,24
2021-09-09 13:59:59,2021,sept.,09,13
2023-11-17 03:59:59,2023,nov.,17,03
2021-04-06 05:05:01,2021,avr.,06,05
2021-11-11 03:59:59,2021,nov.,11,03
2023-09-22 04:59:59,2023,sept.,22,04
2023-10-27 08:59:59,2023,oct.,27,08
2023-04-22 01:59:59,2023,avr.,22,01
2023-04-25 01:59:59,2023,avr.,25,01
2023-04-28 01:59:59,2023,avr.,28,01
2023-05-01 01:59:59,2023,mai,01,01
2023-05-04 01:59:59,2023,mai,04,01
2023-05-07 01:59:59,2023,mai,07,01
2023-05-10 01:59:59,2023,mai,10,01
2023-05-13 01:59:59,2023,mai,13,01
2023-05-16 01:59:59,2023,mai,16,01
2023-05-19 01:59:59,2023,mai,19,01
2023-05-22 01:59:59,2023,mai,22,01
2023-05-25 01:59:59,2023,mai,25,01
2023-05-28 01:59:59,2023,mai,28,01
2023-05-31 01:59:59,2023,mai,31,01
2023-06-03 01:59:59,2023,juin,03,01
2023-06-06 01:59:59,2023,juin,06,01
2023-06-09 01:59:59,2023,juin,09,01
2023-06-12 01:59:59,2023,juin,12,01
2023-06-15 01:59:59,2023,juin,15,01
2023-06-18 01:59:59,2023,juin,18,01
2023-06-21 01:59:59,2023,juin,21,01
2023-06-24 01:59:59,2023,juin,24,01
2023-06-27 01:59:59,2023,juin,27,01
2023-06-30 01:59:59,2023,juin,30,01
2023-07-03 01:59:59,2023,juil.,03,01
2023-07-06 01:59:59,2023,juil.,06,01
2023-07-09 01:59:59,2023,juil.,09,01
2023-07-12 01:59:59,2023,juil.,12,01
2023-07-15 01:59:59,2023,juil.,15,01
2023-07-18 01:59:59,2023,juil.,18,01
2023-07-21 01:59:59,2023,juil.,21,01
2023-07-24 01:59:59,2023,juil.,24,01
2023-07-27 01:59:59,2023,juil.,27,01
2023-07-30 01:59:59,2023,juil.,30,01
2023-08-02 01:59:59,2023,août,02,01
2023-08-05 01:59:59,2023,août,05,01
2023-08-08 01:59:59,2023,août,08,01
2023-08-11 01:59:59,2023,août,11,01
2023-08-14 01:59:59,2023,août,14,01
2023-08-17 01:59:59,2023,août,17,01
2023-08-20 01:59:59,2023,août,20,01
2023-08-23 01:59:59,2023,août,23,01
2023-08-26 01:59:59,2023,août,26,01
2023-08-29 01:59:59,2023,août,29,01
2023-09-01 01:59:59,2023,sept.,01,01
2023-09-04 01:59:59,2023,sept.,04,01
2023-09-07 01:59:59,2023,sept.,07,01
2023-09-10 01:59:59,2023,sept.,10,01
2023-09-13 01:59:59,2023,sept.,13,01
2023-09-16 01:59:59,2023,sept.,16,01
2023-09-19 01:59:59,2023,sept.,19,01
2023-09-22 01:59:59,2023,sept.,22,01
2023-09-25 01:59:59,2023,sept.,25,01
2023-09-28 01:59:59,2023,sept.,28,01
2023-10-01 01:59:59,2023,oct.,01,01
2023-10-04 01:59:59,2023,oct.,04,01
2023-10-07 01:59:59,2023,oct.,07,01
2023-10-10 01:59:59,2023,oct.,10,01
2023-10-13 01:59:59,2023,oct.,13,01
2023-10-16 01:59:59,2023,oct.,16,01
2023-10-19 01:59:59,2023,oct.,19,01
2023-10-22 01:59:59,2023,oct.,22,01
2023-10-25 01:59:59,2023,oct.,25,01
2023-10-28 01:59:59,2023,oct.,28,01
2023-10-31 00:59:59,2023,oct.,31,24
2023-11-03 00:59:59,2023,nov.,03,24
2023-11-06 00:59:59,2023,nov.,06,24
2023-11-09 00:59:59,2023,nov.,09,24
2023-11-12 00:59:59,2023,nov.,12,24
2023-11-15 00:59:59,2023,nov.,15,24
2023-11-18 00:59:59,2023,nov.,18,24
2023-11-21 00:59:59,2023,nov.,21,24
2023-11-24 00:59:59,2023,nov.,24,24
2023-11-27 00:59:59,2023,nov.,27,24
2023-11-30 00:59:59,2023,nov.,30,24
2023-12-03 00:59:59,2023,déc.,03,24
2023-12-06 00:59:59,2023,déc.,06,24
2023-12-09 00:59:59,2023,déc.,09,24
2023-12-12 00:59:59,2023,déc.,12,24
2023-12-15 00:59:59,2023,déc.,15,24
2023-12-18 00:59:59,2023,déc.,18,24
2023-12-21 00:59:59,2023,déc.,21,24
2023-12-24 00:59:59,2023,déc.,24,24
2023-12-27 00:59:59,2023,déc.,27,24
2023-12-30 00:59:59,2023,déc.,30,24
2023-04-07 04:59:59,2023,avr.,07,04
2023-07-26 04:59:59,2023,juil.,26,04
2023-06-01 07:59:59,2023,juin,01,07
2023-09-08 10:59:59,2023,sept.,08,10
2020-08-02 01:59:59,2020,août,02,01
2020-08-05 01:59:59,2020,août,05,01
2020-08-08 01:59:59,2020,août,08,01
2020-08-11 01:59:59,2020,août,11,01
2020-08-14 01:59:59,2020,août,14,01
2020-08-17 01:59:59,2020,août,17,01
2020-08-20 01:59:59,2020,août,20,01
2020-08-23 01:59:59,2020,août,23,01
2020-08-26 01:59:59,2020,août,26,01
2020-08-29 01:59:59,2020,août,29,01
2020-09-01 01:59:59,2020,sept.,01,01
2020-09-04 01:59:59,2020,sept.,04,01
2020-09-07 01:59:59,2020,sept.,07,01
2020-09-10 01:59:59,2020,sept.,10,01
2020-09-13 01:59:59,2020,sept.,13,01
2020-09-16 01:59:59,2020,sept.,16,01
2020-09-19 01:59:59,2020,sept.,19,01
2020-09-22 01:59:59,2020,sept.,22,01
2020-09-25 01:59:59,2020,sept.,25,01
2020-09-28 01:59:59,2020,sept.,28,01
2020-10-01 01:59:59,2020,oct.,01,01
2020-10-04 01:59:59,2020,oct.,04,01
2020-10-07 01:59:59,2020,oct.,07,01
2020-10-10 01:59:59,2020,oct.,10,01
2020-10-13 01:59:59,2020,oct.,13,01
2020-10-16 01:59:59,2020,oct.,16,01
2020-10-19 01:59:59,2020,oct.,19,01
2020-10-22 01:59:59,2020,oct.,22,01
2020-10-25 01:59:59,2020,oct.,25,01
2020-10-28 00:59:59,2020,oct.,28,24
2020-10-31 00:59:59,2020,oct.,31,24
2020-11-03 00:59:59,2020,nov.,03,24
2020-11-06 00:59:59,2020,nov.,06,24
2020-11-09 00:59:59,2020,nov.,09,24
2020-11-12 00:59:59,2020,nov.,12,24
2020-11-15 00:59:59,2020,nov.,15,24
2020-11-18 00:59:59,2020,nov.,18,24
2020-11-21 00:59:59,2020,nov.,21,24
2020-11-24 00:59:59,2020,nov.,24,24
2020-11-27 00:59:59,2020,nov.,27,24
2020-11-30 00:59:59,2020,nov.,30,24
2020-12-03 00:59:59,2020,déc.,03,24
2020-12-06 00:59:59,2020,déc.,06,24
2020-12-09 00:59:59,2020,déc.,09,24
2020-12-12 00:59:59,2020,déc.,12,24
2020-12-15 00:59:59,2020,déc.,15,24
2020-12-18 00:59:59,2020,déc.,18,24
2020-12-21 00:59:59,2020,déc.,21,24
2020-12-24 00:59:59,2020,déc.,24,24
2020-12-27 00:59:59,2020,déc.,27,24
2020-12-30 00:59:59,2020,déc.,30,24
2021-01-02 00:59:59,2021,janv.,02,24
2021-01-05 00:59:59,2021,janv.,05,24
2021-01-08 00:59:59,2021,janv.,08,24
2021-01-11 00:59:59,2021,janv.,11,24
2021-01-14 00:59:59,2021,janv.,14,24
2018-04-20 01:59:59,2018,avr.,20,01
2018-04-23 01:59:59,2018,avr.,23,01
2018-04-26 01:59:59,2018,avr.,26,01
2018-04-29 01:59:59,2018,avr.,29,01
2018-05-02 01:59:59,2018,mai,02,01
2018-05-05 01:59:59,2018,mai,05,01
2018-05-08 01:59:59,2018,mai,08,01
2018-05-11 01:59:59,2018,mai,11,01
2018-05-14 01:59:59,2018,mai,14,01
2018-05-17 01:59:59,2018,mai,17,01
2018-05-20 01:59:59,2018,mai,20,01
2018-05-23 01:59:59,2018,mai,23,01
2018-05-26 01:59:59,2018,mai,26,01
2018-05-29 01:59:59,2018,mai,29,01
2018-06-01 01:59:59,2018,juin,01,01
2018-06-04 01:59:59,2018,juin,04,01
2018-06-07 01:59:59,2018,juin,07,01
2018-06-10 01:59:59,2018,juin,10,01
2018-06-13 01:59:59,2018,juin,13,01
2018-06-16 01:59:59,2018,juin,16,01
2018-06-19 01:59:59,2018,juin,19,01
2018-06-22 01:59:59,2018,juin,22,01
2018-06-25 01:59:59,2018,juin,25,01
2018-06-28 01:59:59,2018,juin,28,01
2018-07-01 01:59:59,2018,juil.,01,01
2018-07-04 01:59:59,2018,juil.,04,01
2018-07-07 01:59:59,2018,juil.,07,01
2018-07-10 01:59:59,2018,juil.,10,01
2018-07-13 01:59:59,2018,juil.,13,01
2018-07-16 01:59:59,2018,juil.,16,01
2018-07-19 01:59:59,2018,juil.,19,01
2018-07-22 01:59:59,2018,juil.,22,01
2018-07-25 01:59:59,2018,juil.,25,01
2018-07-28 01:59:59,2018,juil.,28,01
2018-07-31 01:59:59,2018,juil.,31,01
2018-08-03 01:59:59,2018,août,03,01
2018-08-06 01:59:59,2018,août,06,01
2018-08-09 01:59:59,2018,août,09,01
2018-08-12 01:59:59,2018,août,12,01
2018-08-15 01:59:59,2018,août,15,01
2018-08-18 01:59:59,2018,août,18,01
2018-08-21 01:59:59,2018,août,21,01
2018-08-24 01:59:59,2018,août,24,01
2018-08-27 01:59:59,2018,août,27,01
2018-08-30 01:59:59,2018,août,30,01
2018-09-02 01:59:59,2018,sept.,02,01
2018-09-05 01:59:59,2018,sept.,05,01
2018-09-08 01:59:59,2018,sept.,08,01
2018-09-11 01:59:59,2018,sept.,11,01
2018-09-14 01:59:59,2018,sept.,14,01
2018-09-17 01:59:59,2018,sept.,17,01
2018-09-20 01:59:59,2018,sept.,20,01
2018-09-23 01:59:59,2018,sept.,23,01
2018-09-26 01:59:59,2018,sept.,26,01
2018-09-29 01:59:59,2018,sept.,29,01
2018-10-02 01:59:59,2018,oct.,02,01
2018-10-05 01:59:59,2018,oct.,05,01
2018-10-08 01:59:59,2018,oct.,08,01
2018-10-11 01:59:59,2018,oct.,11,01
2018-10-14 01:59:59,2018,oct.,14,01
2018-10-17 01:59:59,2018,oct.,17,01
2018-10-20 01:59:59,2018,oct.,20,01
2018-10-23 01:59:59,2018,oct.,23,01
2018-10-26 01:59:59,2018,oct.,26,01
2018-10-29 00:59:59,2018,oct.,29,24
2018-11-01 00:59:59,2018,nov.,01,24
2018-11-04 00:59:59,2018,nov.,04,24
2018-11-07 00:59:59,2018,nov.,07,24
2018-11-10 00:59:59,2018,nov.,10,24
2018-11-13 00:59:59,2018,nov.,13,24
2018-11-16 00:59:59,2018,nov.,16,24
2018-11-19 00:59:59,2018,nov.,19,24
2018-11-22 00:59:59,2018,nov.,22,24
2018-11-25 00:59:59,2018,nov.,25,24
2018-11-28 00:59:59,2018,nov.,28,24
2018-12-01 00:59:59,2018,déc.,01,24
2018-12-04 00:59:59,2018,déc.,04,24
2018-12-07 00:59:59,2018,déc.,07,24
2018-12-10 00:59:59,2018,déc.,10,24
2018-12-13 00:59:59,2018,déc.,13,24
2018-12-16 00:59:59,2018,déc.,16,24
2018-12-19 00:59:59,2018,déc.,19,24
2018-12-22 00:59:59,2018,déc.,22,24
2018-12-25 00:59:59,2018,déc.,25,24
2018-12-28 00:59:59,2018,déc.,28,24
2018-12-31 00:59:59,2018,déc.,31,24
2019-01-03 00:59:59,2019,janv.,03,24
2019-01-06 00:59:59,2019,janv.,06,24
2019-01-09 00:59:59,2019,janv.,09,24
2019-01-12 00:59:59,2019,janv.,12,24
2019-01-15 00:59:59,2019,janv.,15,24
2019-01-18 00:59:59,2019,janv.,18,24
2019-01-21 00:59:59,2019,janv.,21,24
2019-01-24 00:59:59,2019,janv.,24,24
2019-01-27 00:59:59,2019,janv.,27,24
2019-01-30 00:59:59,2019,janv.,30,24
2019-02-02 00:59:59,2019,févr.,02,24
2019-02-05 00:59:59,2019,févr.,05,24
2019-02-08 00:59:59,2019,févr.,08,24
2019-02-11 00:59:59,2019,févr.,11,24
2019-02-14 00:59:59,2019,févr.,14,24
2019-02-17 00:59:59,2019,févr.,17,24
2019-02-20 00:59:59,2019,févr.,20,24
2019-02-23 00:59:59,2019,févr.,23,24
2019-02-26 00:59:59,2019,févr.,26,24
2019-03-01 00:59:59,2019,mars,01,24
2019-03-04 00:59:59,2019,mars,04,24
2019-03-07 00:59:59,2019,mars,07,24
2019-03-10 00:59:59,2019,mars,10,24
2019-03-13 00:59:59,2019,mars,13,24
2019-03-16 00:59:59,2019,mars,16,24
2019-03-19 00:59:59,2019,mars,19,24
2019-03-22 00:59:59,2019,mars,22,24
2019-03-25 00:59:59,2019,mars,25,24
2019-03-28 00:59:59,2019,mars,28,24
2019-03-31 00:59:59,2019,mars,31,24
2019-04-03 01:59:59,2019,avr.,03,01
2019-04-06 01:59:59,2019,avr.,06,01
2019-04-09 01:59:59,2019,avr.,09,01
2019-04-12 01:59:59,2019,avr.,12,01
2019-04-15 01:59:59,2019,avr.,15,01
2019-04-18 01:59:59,2019,avr.,18,01
2019-04-21 01:59:59,2019,avr.,21,01
2019-04-24 01:59:59,2019,avr.,24,01
2019-04-27 01:59:59,2019,avr.,27,01
2019-04-30 01:59:59,2019,avr.,30,01
2019-05-03 01:59:59,2019,mai,03,01
2019-05-06 01:59:59,2019,mai,06,01
2019-05-09 01:59:59,2019,mai,09,01
2019-05-12 01:59:59,2019,mai,12,01
2019-05-15 01:59:59,2019,mai,15,01
2019-05-18 01:59:59,2019,mai,18,01
2019-05-21 01:59:59,2019,mai,21,01
2019-05-24 01:59:59,2019,mai,24,01
2019-05-27 01:59:59,2019,mai,27,01
2019-05-30 01:59:59,2019,mai,30,01
2019-06-02 01:59:59,2019,juin,02,01
2019-06-05 01:59:59,2019,juin,05,01
2019-06-08 01:59:59,2019,juin,08,01
2019-06-11 01:59:59,2019,juin,11,01
2019-06-14 01:59:59,2019,juin,14,01
2019-06-17 01:59:59,2019,juin,17,01
2019-06-20 01:59:59,2019,juin,20,01
2019-06-23 01:59:59,2019,juin,23,01
2019-06-26 01:59:59,2019,juin,26,01
2019-06-29 01:59:59,2019,juin,29,01
2019-07-02 01:59:59,2019,juil.,02,01
2019-07-05 01:59:59,2019,juil.,05,01
2019-07-08 01:59:59,2019,juil.,08,01
2019-07-11 01:59:59,2019,juil.,11,01
2019-07-14 01:59:59,2019,juil.,14,01
2019-07-17 01:59:59,2019,juil.,17,01
2019-07-20 01:59:59,2019,juil.,20,01
2019-07-23 01:59:59,2019,juil.,23,01
2019-07-26 01:59:59,2019,juil.,26,01
2019-07-29 01:59:59,2019,juil.,29,01
2019-08-01 01:59:59,2019,août,01,01
2019-08-04 01:59:59,2019,août,04,01
2019-08-07 01:59:59,2019,août,07,01
2019-08-10 01:59:59,2019,août,10,01
2019-08-13 01:59:59,2019,août,13,01
2019-08-16 01:59:59,2019,août,16,01
2019-08-19 01:59:59,2019,août,19,01
2019-08-22 01:59:59,2019,août,22,01
2019-08-25 01:59:59,2019,août,25,01
2019-08-28 01:59:59,2019,août,28,01
2019-08-31 01:59:59,2019,août,31,01
2019-09-03 01:59:59,2019,sept.,03,01
2019-09-06 01:59:59,2019,sept.,06,01
2019-09-09 01:59:59,2019,sept.,09,01
2019-09-12 01:59:59,2019,sept.,12,01
2019-09-15 01:59:59,2019,sept.,15,01
2019-09-18 01:59:59,2019,sept.,18,01
2019-09-21 01:59:59,2019,sept.,21,01
2019-09-24 01:59:59,2019,sept.,24,01
2019-09-27 01:59:59,2019,sept.,27,01
2019-09-30 01:59:59,2019,sept.,30,01
2019-10-03 01:59:59,2019,oct.,03,01
2019-10-06 01:59:59,2019,oct.,06,01
2019-10-09 01:59:59,2019,oct.,09,01
2019-10-12 01:59:59,2019,oct.,12,01
2019-10-15 01:59:59,2019,oct.,15,01
2019-10-18 01:59:59,2019,oct.,18,01
2019-10-21 01:59:59,2019,oct.,21,01
2019-10-24 01:59:59,2019,oct.,24,01
2019-10-27 01:59:59,2019,oct.,27,01
2019-10-30 00:59:59,2019,oct.,30,24
2019-11-02 00:59:59,2019,nov.,02,24
2019-11-05 00:59:59,2019,nov.,05,24
2019-11-08 00:59:59,2019,nov.,08,24
2019-11-11 00:59:59,2019,nov.,11,24
2019-11-14 00:59:59,2019,nov.,14,24
2019-11-17 00:59:59,2019,nov.,17,24
2019-11-20 00:59:59,2019,nov.,20,24
2019-11-23 00:59:59,2019,nov.,23,24
2019-11-26 00:59:59,2019,nov.,26,24
2019-11-29 00:59:59,2019,nov.,29,24
2019-12-02 00:59:59,2019,déc.,02,24
2019-12-05 00:59:59,2019,déc.,05,24
2019-12-08 00:59:59,2019,déc.,08,24
2019-12-11 00:59:59,2019,déc.,11,24
2019-12-14 00:59:59,2019,déc.,14,24
2019-12-17 00:59:59,2019,déc.,17,24
2019-12-20 00:59:59,2019,déc.,20,24
2019-12-23 00:59:59,2019,déc.,23,24
2019-12-26 00:59:59,2019,déc.,26,24
2019-12-29 00:59:59,2019,déc.,29,24
2020-01-01 00:59:59,2020,janv.,01,24
2020-01-04 00:59:59,2020,janv.,04,24
2020-01-07 00:59:59,2020,janv.,07,24
2020-01-10 00:59:59,2020,janv.,10,24
2020-01-13 00:59:59,2020,janv.,13,24
2020-01-16 00:59:59,2020,janv.,16,24
2020-01-19 00:59:59,2020,janv.,19,24
2020-01-22 00:59:59,2020,janv.,22,24
2020-01-25 00:59:59,2020,janv.,25,24
2020-01-28 00:59:59,2020,janv.,28,24
2020-01-31 00:59:59,2020,janv.,31,24
2020-02-03 00:59:59,2020,févr.,03,24
2020-02-06 00:59:59,2020,févr.,06,24
2020-02-09 00:59:59,2020,févr.,09,24
2020-02-12 00:59:59,2020,févr.,12,24
2020-02-15 00:59:59,2020,févr.,15,24
2020-02-18 00:59:59,2020,févr.,18,24
2020-02-21 00:59:59,2020,févr.,21,24
2020-02-24 00:59:59,2020,févr.,24,24
2020-02-27 00:59:59,2020,févr.,27,24
2020-03-01 00:59:59,2020,mars,01,24
2020-03-04 00:59:59,2020,mars,04,24
2020-03-07 00:59:59,2020,mars,07,24
2020-03-10 00:59:59,2020,mars,10,24
2020-03-13 00:59:59,2020,mars,13,24
2020-03-16 00:59:59,2020,mars,16,24
2020-03-19 00:59:59,2020,mars,19,24
2020-03-22 00:59:59,2020,mars,22,24
2020-03-25 00:59:59,2020,mars,25,24
2020-03-28 00:59:59,2020,mars,28,24
2020-03-31 01:59:59,2020,mars,31,01
2020-04-03 01:59:59,2020,avr.,03,01
2020-04-06 01:59:59,2020,avr.,06,01
2020-04-09 01:59:59,2020,avr.,09,01
2020-04-12 01:59:59,2020,avr.,12,01
2020-04-15 01:59:59,2020,avr.,15,01
2020-04-18 01:59:59,2020,avr.,18,01
2020-04-21 01:59:59,2020,avr.,21,01
2020-04-24 01:59:59,2020,avr.,24,01
2020-04-27 01:59:59,2020,avr.,27,01
2020-04-30 01:59:59,2020,avr.,30,01
2020-05-03 01:59:59,2020,mai,03,01
2020-05-06 01:59:59,2020,mai,06,01
2020-05-09 01:59:59,2020,mai,09,01
2020-05-12 01:59:59,2020,mai,12,01
2020-05-15 01:59:59,2020,mai,15,01
2020-05-18 01:59:59,2020,mai,18,01
2020-05-21 01:59:59,2020,mai,21,01
2020-05-24 01:59:59,2020,mai,24,01
2020-05-27 01:59:59,2020,mai,27,01
2020-05-30 01:59:59,2020,mai,30,01
2020-06-02 01:59:59,2020,juin,02,01
2020-06-05 01:59:59,2020,juin,05,01
2020-06-08 01:59:59,2020,juin,08,01
2020-06-11 01:59:59,2020,juin,11,01
2020-06-14 01:59:59,2020,juin,14,01
2020-06-17 01:59:59,2020,juin,17,01
2020-06-20 01:59:59,2020,juin,20,01
2020-06-23 01:59:59,2020,juin,23,01
2020-06-26 01:59:59,2020,juin,26,01
2020-06-29 01:59:59,2020,juin,29,01
2020-07-02 01:59:59,2020,juil.,02,01
2020-07-05 01:59:59,2020,juil.,05,01
2020-07-08 01:59:59,2020,juil.,08,01
2020-07-11 01:59:59,2020,juil.,11,01
2020-07-14 01:59:59,2020,juil.,14,01
2020-07-17 01:59:59,2020,juil.,17,01
2020-07-20 01:59:59,2020,juil.,20,01
2020-07-23 01:59:59,2020,juil.,23,01
2020-07-26 01:59:59,2020,juil.,26,01
2020-07-29 01:59:59,2020,juil.,29,01
2020-08-01 01:59:59,2020,août,01,01
2020-08-04 01:59:59,2020,août,04,01
2020-08-07 01:59:59,2020,août,07,01
2020-08-10 01:59:59,2020,août,10,01
2020-08-13 01:59:59,2020,août,13,01
2020-08-16 01:59:59,2020,août,16,01
2020-08-19 01:59:59,2020,août,19,01
2020-08-22 01:59:59,2020,août,22,01
2020-08-25 01:59:59,2020,août,25,01
2020-08-28 01:59:59,2020,août,28,01
2020-08-31 01:59:59,2020,août,31,01
2020-09-03 01:59:59,2020,sept.,03,01
2020-09-06 01:59:59,2020,sept.,06,01
2020-09-09 01:59:59,2020,sept.,09,01
2020-09-12 01:59:59,2020,sept.,12,01
2020-09-15 01:59:59,2020,sept.,15,01
2020-09-18 01:59:59,2020,sept.,18,01
2020-09-21 01:59:59,2020,sept.,21,01
2020-09-24 01:59:59,2020,sept.,24,01
2020-09-27 01:59:59,2020,sept.,27,01
2020-09-30 01:59:59,2020,sept.,30,01
2020-10-03 01:59:59,2020,oct.,03,01
2020-10-06 01:59:59,2020,oct.,06,01
2020-10-09 01:59:59,2020,oct.,09,01
2020-10-12 01:59:59,2020,oct.,12,01
2020-10-15 01:59:59,2020,oct.,15,01
2017-12-03 00:59:59,2017,déc.,03,24
2017-12-06 00:59:59,2017,déc.,06,24
2017-12-09 00:59:59,2017,déc.,09,24
2017-12-12 00:59:59,2017,déc.,12,24
2017-12-15 00:59:59,2017,déc.,15,24
2017-12-18 00:59:59,2017,déc.,18,24
2017-12-21 00:59:59,2017,déc.,21,24
2017-12-24 00:59:59,2017,déc.,24,24
2017-12-27 00:59:59,2017,déc.,27,24
2017-12-30 00:59:59,2017,déc.,30,24
2018-01-02 00:59:59,2018,janv.,02,24
2018-01-05 00:59:59,2018,janv.,05,24
2018-01-08 00:59:59,2018,janv.,08,24
2018-01-11 00:59:59,2018,janv.,11,24
2018-01-14 00:59:59,2018,janv.,14,24
2018-01-17 00:59:59,2018,janv.,17,24
2018-01-20 00:59:59,2018,janv.,20,24
2018-01-23 00:59:59,2018,janv.,23,24
2018-01-26 00:59:59,2018,janv.,26,24
2018-01-29 00:59:59,2018,janv.,29,24
2018-02-01 00:59:59,2018,févr.,01,24
2018-02-04 00:59:59,2018,févr.,04,24
2018-02-07 00:59:59,2018,févr.,07,24
2018-02-10 00:59:59,2018,févr.,10,24
2018-02-13 00:59:59,2018,févr.,13,24
2018-02-16 00:59:59,2018,févr.,16,24
2018-02-19 00:59:59,2018,févr.,19,24
2018-02-22 00:59:59,2018,févr.,22,24
2018-02-25 00:59:59,2018,févr.,25,24
2018-02-28 00:59:59,2018,févr.,28,24
2018-03-03 00:59:59,2018,mars,03,24
2018-03-06 00:59:59,2018,mars,06,24
2018-03-09 00:59:59,2018,mars,09,24
2018-03-12 00:59:59,2018,mars,12,24
2018-03-15 00:59:59,2018,mars,15,24
2018-03-18 00:59:59,2018,mars,18,24
2018-03-21 00:59:59,2018,mars,21,24
2018-03-24 00:59:59,2018,mars,24,24
2018-03-27 01:59:59,2018,mars,27,01
2018-03-30 01:59:59,2018,mars,30,01
2018-04-02 01:59:59,2018,avr.,02,01
2018-04-05 01:59:59,2018,avr.,05,01
2018-04-08 01:59:59,2018,avr.,08,01
2018-04-11 01:59:59,2018,avr.,11,01
2018-04-14 01:59:59,2018,avr.,14,01
2018-04-17 01:59:59,2018,avr.,17,01
2019-11-24 00:59:59,2019,nov.,24,24
2019-11-27 00:59:59,2019,nov.,27,24
2019-11-30 00:59:59,2019,nov.,30,24
2019-12-03 00:59:59,2019,déc.,03,24
2019-12-06 00:59:59,2019,déc.,06,24
2019-12-09 00:59:59,2019,déc.,09,24
2019-12-12 00:59:59,2019,déc.,12,24
2019-12-15 00:59:59,2019,déc.,15,24
2019-12-18 00:59:59,2019,déc.,18,24
2019-12-21 00:59:59,2019,déc.,21,24
2019-12-24 00:59:59,2019,déc.,24,24
2019-12-27 00:59:59,2019,déc.,27,24
2019-12-30 00:59:59,2019,déc.,30,24
2020-01-02 00:59:59,2020,janv.,02,24
2020-01-05 00:59:59,2020,janv.,05,24
2020-01-08 00:59:59,2020,janv.,08,24
2020-01-11 00:59:59,2020,janv.,11,24
2020-01-14 00:59:59,2020,janv.,14,24
2020-01-17 00:59:59,2020,janv.,17,24
2020-01-20 00:59:59,2020,janv.,20,24
2020-01-23 00:59:59,2020,janv.,23,24
2020-01-26 00:59:59,2020,janv.,26,24
2020-01-29 00:59:59,2020,janv.,29,24
2020-02-01 00:59:59,2020,févr.,01,24
2020-02-04 00:59:59,2020,févr.,04,24
2020-02-07 00:59:59,2020,févr.,07,24
2020-02-10 00:59:59,2020,févr.,10,24
2020-02-13 00:59:59,2020,févr.,13,24
2020-02-16 00:59:59,2020,févr.,16,24
2020-02-19 00:59:59,2020,févr.,19,24
2020-02-22 00:59:59,2020,févr.,22,24
2020-02-25 00:59:59,2020,févr.,25,24
2020-02-28 00:59:59,2020,févr.,28,24
2020-03-02 00:59:59,2020,mars,02,24
2020-03-05 00:59:59,2020,mars,05,24
2020-03-08 00:59:59,2020,mars,08,24
2020-03-11 00:59:59,2020,mars,11,24
2020-03-14 00:59:59,2020,mars,14,24
2020-03-17 00:59:59,2020,mars,17,24
2020-03-20 00:59:59,2020,mars,20,24
2020-03-23 00:59:59,2020,mars,23,24
2020-03-26 00:59:59,2020,mars,26,24
2020-03-29 00:59:59,2020,mars,29,24
2020-04-01 01:59:59,2020,avr.,01,01
2020-04-04 01:59:59,2020,avr.,04,01
2020-04-07 01:59:59,2020,avr.,07,01
2020-04-10 01:59:59,2020,avr.,10,01
2020-04-13 01:59:59,2020,avr.,13,01
2020-04-16 01:59:59,2020,avr.,16,01
2020-04-19 01:59:59,2020,avr.,19,01
2020-04-22 01:59:59,2020,avr.,22,01
2020-04-25 01:59:59,2020,avr.,25,01
2020-04-28 01:59:59,2020,avr.,28,01
2020-05-01 01:59:59,2020,mai,01,01
2020-05-04 01:59:59,2020,mai,04,01
2020-05-07 01:59:59,2020,mai,07,01
2020-05-10 01:59:59,2020,mai,10,01
2020-05-13 01:59:59,2020,mai,13,01
2020-05-16 01:59:59,2020,mai,16,01
2020-05-19 01:59:59,2020,mai,19,01
2020-05-22 01:59:59,2020,mai,22,01
2020-05-25 01:59:59,2020,mai,25,01
2020-05-28 01:59:59,2020,mai,28,01
2020-05-31 01:59:59,2020,mai,31,01
2020-06-03 01:59:59,2020,juin,03,01
2020-06-06 01:59:59,2020,juin,06,01
2020-06-09 01:59:59,2020,juin,09,01
2020-06-12 01:59:59,2020,juin,12,01
2020-06-15 01:59:59,2020,juin,15,01
2020-06-18 01:59:59,2020,juin,18,01
2020-06-21 01:59:59,2020,juin,21,01
2020-06-24 01:59:59,2020,juin,24,01
2020-06-27 01:59:59,2020,juin,27,01
2020-06-30 01:59:59,2020,juin,30,01
2020-07-03 01:59:59,2020,juil.,03,01
2020-07-06 01:59:59,2020,juil.,06,01
2020-07-09 01:59:59,2020,juil.,09,01
2020-07-12 01:59:59,2020,juil.,12,01
2020-07-15 01:59:59,2020,juil.,15,01
2020-07-18 01:59:59,2020,juil.,18,01
2020-07-21 01:59:59,2020,juil.,21,01
2020-07-24 01:59:59,2020,juil.,24,01
2020-07-27 01:59:59,2020,juil.,27,01
2020-07-30 01:59:59,2020,juil.,30,01
2021-01-17 00:59:59,2021,janv.,17,24
2021-01-20 00:59:59,2021,janv.,20,24
2021-01-23 00:59:59,2021,janv.,23,24
2021-01-26 00:59:59,2021,janv.,26,24
2021-01-29 00:59:59,2021,janv.,29,24
2021-02-01 00:59:59,2021,févr.,01,24
2021-02-04 00:59:59,2021,févr.,04,24
2021-02-07 00:59:59,2021,févr.,07,24
2021-02-10 00:59:59,2021,févr.,10,24
2021-02-13 00:59:59,2021,févr.,13,24
2021-02-16 00:59:59,2021,févr.,16,24
2021-02-19 00:59:59,2021,févr.,19,24
2021-02-22 00:59:59,2021,févr.,22,24
2021-02-25 00:59:59,2021,févr.,25,24
2021-02-28 00:59:59,2021,févr.,28,24
2021-03-03 00:59:59,2021,mars,03,24
2021-03-06 00:59:59,2021,mars,06,24
2021-03-09 00:59:59,2021,mars,09,24
2021-03-12 00:59:59,2021,mars,12,24
2021-03-15 00:59:59,2021,mars,15,24
2021-03-18 00:59:59,2021,mars,18,24
2021-03-21 00:59:59,2021,mars,21,24
2021-03-24 00:59:59,2021,mars,24,24
2021-03-27 00:59:59,2021,mars,27,24
2021-03-30 01:59:59,2021,mars,30,01
2021-04-02 01:59:59,2021,avr.,02,01
2021-04-05 01:59:59,2021,avr.,05,01
2021-04-08 01:59:59,2021,avr.,08,01
2021-04-11 01:59:59,2021,avr.,11,01
2021-04-14 01:59:59,2021,avr.,14,01
2021-12-04 00:59:59,2021,déc.,04,24
2021-12-07 00:59:59,2021,déc.,07,24
2021-12-10 00:59:59,2021,déc.,10,24
2021-12-13 00:59:59,2021,déc.,13,24
2021-12-16 00:59:59,2021,déc.,16,24
2021-12-19 00:59:59,2021,déc.,19,24
2021-12-22 00:59:59,2021,déc.,22,24
2021-12-25 00:59:59,2021,déc.,25,24
2021-12-28 00:59:59,2021,déc.,28,24
2021-12-31 00:59:59,2021,déc.,31,24
2022-01-03 00:59:59,2022,janv.,03,24
2022-01-06 00:59:59,2022,janv.,06,24
2022-01-09 00:59:59,2022,janv.,09,24
2022-01-12 00:59:59,2022,janv.,12,24
2022-01-15 00:59:59,2022,janv.,15,24
2022-01-18 00:59:59,2022,janv.,18,24
2022-01-21 00:59:59,2022,janv.,21,24
2022-01-24 00:59:59,2022,janv.,24,24
2022-01-27 00:59:59,2022,janv.,27,24
2022-01-30 00:59:59,2022,janv.,30,24
2022-02-02 00:59:59,2022,févr.,02,24
2022-02-05 00:59:59,2022,févr.,05,24
2022-02-08 00:59:59,2022,févr.,08,24
2022-02-11 00:59:59,2022,févr.,11,24
2022-02-14 00:59:59,2022,févr.,14,24
2022-02-17 00:59:59,2022,févr.,17,24
2022-02-20 00:59:59,2022,févr.,20,24
2022-02-23 00:59:59,2022,févr.,23,24
2022-02-26 00:59:59,2022,févr.,26,24
2022-03-01 00:59:59,2022,mars,01,24
2022-03-04 00:59:59,2022,mars,04,24
2022-03-07 00:59:59,2022,mars,07,24
2022-03-10 00:59:59,2022,mars,10,24
2022-03-13 00:59:59,2022,mars,13,24
2022-03-16 00:59:59,2022,mars,16,24
2022-03-19 00:59:59,2022,mars,19,24
2022-03-22 00:59:59,2022,mars,22,24
2022-03-25 00:59:59,2022,mars,25,24
2022-03-28 01:59:59,2022,mars,28,01
2022-03-31 01:59:59,2022,mars,31,01
2022-04-03 01:59:59,2022,avr.,03,01
2022-04-06 01:59:59,2022,avr.,06,01
2022-04-09 01:59:59,2022,avr.,09,01
2022-04-12 01:59:59,2022,avr.,12,01
2022-04-15 01:59:59,2022,avr.,15,01
2022-04-18 01:59:59,2022,avr.,18,01
2022-04-21 01:59:59,2022,avr.,21,01
2022-04-24 01:59:59,2022,avr.,24,01
2022-04-27 01:59:59,2022,avr.,27,01
2022-04-30 01:59:59,2022,avr.,30,01
2022-05-03 01:59:59,2022,mai,03,01
2022-05-06 01:59:59,2022,mai,06,01
2022-05-09 01:59:59,2022,mai,09,01
2022-05-12 01:59:59,2022,mai,12,01
2022-05-15 01:59:59,2022,mai,15,01
2022-05-18 01:59:59,2022,mai,18,01
2022-05-21 01:59:59,2022,mai,21,01
2022-05-24 01:59:59,2022,mai,24,01
2022-05-27 01:59:59,2022,mai,27,01
2022-05-30 01:59:59,2022,mai,30,01
2022-06-02 01:59:59,2022,juin,02,01
2022-06-05 01:59:59,2022,juin,05,01
2022-06-08 01:59:59,2022,juin,08,01
2022-06-11 01:59:59,2022,juin,11,01
2022-06-14 01:59:59,2022,juin,14,01
2022-06-17 01:59:59,2022,juin,17,01
2022-06-20 01:59:59,2022,juin,20,01
2022-06-23 01:59:59,2022,juin,23,01
2022-06-26 01:59:59,2022,juin,26,01
2022-06-29 01:59:59,2022,juin,29,01
2022-07-02 01:59:59,2022,juil.,02,01
2022-07-05 01:59:59,2022,juil.,05,01
2022-07-08 01:59:59,2022,juil.,08,01
2022-07-11 01:59:59,2022,juil.,11,01
2022-07-14 01:59:59,2022,juil.,14,01
2022-07-17 01:59:59,2022,juil.,17,01
2022-07-20 01:59:59,2022,juil.,20,01
2022-07-23 01:59:59,2022,juil.,23,01
2022-07-26 01:59:59,2022,juil.,26,01
2022-07-29 01:59:59,2022,juil.,29,01
2022-08-01 01:59:59,2022,août,01,01
2022-08-04 01:59:59,2022,août,04,01
2022-08-07 01:59:59,2022,août,07,01
2022-08-10 01:59:59,2022,août,10,01
2022-08-13 01:59:59,2022,août,13,01
2022-08-16 01:59:59,2022,août,16,01
2022-08-19 01:59:59,2022,août,19,01
2022-08-22 01:59:59,2022,août,22,01
2022-08-25 01:59:59,2022,août,25,01
2022-08-28 01:59:59,2022,août,28,01
2022-08-31 01:59:59,2022,août,31,01
2022-09-03 01:59:59,2022,sept.,03,01
2022-09-06 01:59:59,2022,sept.,06,01
2022-09-09 01:59:59,2022,sept.,09,01
2022-09-12 01:59:59,2022,sept.,12,01
2022-09-15 01:59:59,2022,sept.,15,01
2022-09-18 01:59:59,2022,sept.,18,01
2022-09-21 01:59:59,2022,sept.,21,01
2022-09-24 01:59:59,2022,sept.,24,01
2022-09-27 01:59:59,2022,sept.,27,01
2022-09-30 01:59:59,2022,sept.,30,01
2022-10-03 01:59:59,2022,oct.,03,01
2022-10-06 01:59:59,2022,oct.,06,01
2022-10-09 01:59:59,2022,oct.,09,01
2022-10-12 01:59:59,2022,oct.,12,01
2022-10-15 01:59:59,2022,oct.,15,01
2022-10-18 01:59:59,2022,oct.,18,01
2022-10-21 01:59:59,2022,oct.,21,01
2022-10-24 01:59:59,2022,oct.,24,01
2022-10-27 01:59:59,2022,oct.,27,01
2022-10-30 01:59:59,2022,oct.,30,01
2022-11-02 00:59:59,2022,nov.,02,24
2022-11-05 00:59:59,2022,nov.,05,24
2022-11-08 00:59:59,2022,nov.,08,24
2022-11-11 00:59:59,2022,nov.,11,24
2022-11-14 00:59:59,2022,nov.,14,24
2022-11-17 00:59:59,2022,nov.,17,24
2022-11-20 00:59:59,2022,nov.,20,24
2022-11-23 00:59:59,2022,nov.,23,24
2022-11-26 00:59:59,2022,nov.,26,24
2022-11-29 00:59:59,2022,nov.,29,24
2022-12-02 00:59:59,2022,déc.,02,24
2022-12-05 00:59:59,2022,déc.,05,24
2022-12-08 00:59:59,2022,déc.,08,24
2022-12-11 00:59:59,2022,déc.,11,24
2022-12-14 00:59:59,2022,déc.,14,24
2022-12-17 00:59:59,2022,déc.,17,24
2022-12-20 00:59:59,2022,déc.,20,24
2022-12-23 00:59:59,2022,déc.,23,24
2022-12-26 00:59:59,2022,déc.,26,24
2022-12-29 00:59:59,2022,déc.,29,24
2023-01-01 00:59:59,2023,janv.,01,24
2023-01-04 00:59:59,2023,janv.,04,24
2023-01-07 00:59:59,2023,janv.,07,24
2023-01-10 00:59:59,2023,janv.,10,24
2023-01-13 00:59:59,2023,janv.,13,24
2023-01-16 00:59:59,2023,janv.,16,24
2023-01-19 00:59:59,2023,janv.,19,24
2023-01-22 00:59:59,2023,janv.,22,24
2023-01-25 00:59:59,2023,janv.,25,24
2023-01-28 00:59:59,2023,janv.,28,24
2023-01-31 00:59:59,2023,janv.,31,24
2023-02-03 00:59:59,2023,févr.,03,24
2023-02-06 00:59:59,2023,févr.,06,24
2023-02-09 00:59:59,2023,févr.,09,24
2023-02-12 00:59:59,2023,févr.,12,24
2023-02-15 00:59:59,2023,févr.,15,24
2023-02-18 00:59:59,2023,févr.,18,24
2023-02-21 00:59:59,2023,févr.,21,24
2023-02-24 00:59:59,2023,févr.,24,24
2023-02-27 00:59:59,2023,févr.,27,24
2023-03-02 00:59:59,2023,mars,02,24
2023-03-05 00:59:59,2023,mars,05,24
2023-03-08 00:59:59,2023,mars,08,24
2023-03-11 00:59:59,2023,mars,11,24
2023-03-14 00:59:59,2023,mars,14,24
2023-03-17 00:59:59,2023,mars,17,24
2023-03-20 00:59:59,2023,mars,20,24
2023-03-23 00:59:59,2023,mars,23,24
2023-03-26 00:59:59,2023,mars,26,24
2023-03-29 01:59:59,2023,mars,29,01
2023-04-01 01:59:59,2023,avr.,01,01
2023-04-04 01:59:59,2023,avr.,04,01
2023-04-07 01:59:59,2023,avr.,07,01
2023-04-10 01:59:59,2023,avr.,10,01
2023-04-13 01:59:59,2023,avr.,13,01
2023-04-16 01:59:59,2023,avr.,16,01
2023-04-19 01:59:59,2023,avr.,19,01
2023-12-15 03:59:59,2023,déc.,15,03
2021-04-07 04:59:59,2021,avr.,07,04
2023-08-16 04:59:59,2023,août,16,04
2020-11-16 00:59:59,2020,nov.,16,24
2020-11-19 00:59:59,2020,nov.,19,24
2020-11-22 00:59:59,2020,nov.,22,24
2020-11-25 00:59:59,2020,nov.,25,24
2020-11-28 00:59:59,2020,nov.,28,24
2020-12-01 00:59:59,2020,déc.,01,24
2020-12-04 00:59:59,2020,déc.,04,24
2020-12-07 00:59:59,2020,déc.,07,24
2020-12-10 00:59:59,2020,déc.,10,24
2020-12-13 00:59:59,2020,déc.,13,24
2020-12-16 00:59:59,2020,déc.,16,24
2020-12-19 00:59:59,2020,déc.,19,24
2020-12-22 00:59:59,2020,déc.,22,24
2020-12-25 00:59:59,2020,déc.,25,24
2019-03-30 00:59:59,2019,mars,30,24
2019-04-02 01:59:59,2019,avr.,02,01
2019-04-05 01:59:59,2019,avr.,05,01
2019-04-08 01:59:59,2019,avr.,08,01
2019-04-11 01:59:59,2019,avr.,11,01
2019-04-14 01:59:59,2019,avr.,14,01
2019-04-17 01:59:59,2019,avr.,17,01
2019-04-20 01:59:59,2019,avr.,20,01
2019-04-23 01:59:59,2019,avr.,23,01
2019-04-26 01:59:59,2019,avr.,26,01
2019-04-29 01:59:59,2019,avr.,29,01
2019-05-02 01:59:59,2019,mai,02,01
2019-05-05 01:59:59,2019,mai,05,01
2019-05-08 01:59:59,2019,mai,08,01
2019-05-11 01:59:59,2019,mai,11,01
2019-05-14 01:59:59,2019,mai,14,01
2019-05-17 01:59:59,2019,mai,17,01
2019-05-20 01:59:59,2019,mai,20,01
2019-05-23 01:59:59,2019,mai,23,01
2019-05-26 01:59:59,2019,mai,26,01
2019-05-29 01:59:59,2019,mai,29,01
2019-06-01 01:59:59,2019,juin,01,01
2019-06-04 01:59:59,2019,juin,04,01
2019-06-07 01:59:59,2019,juin,07,01
2019-06-10 01:59:59,2019,juin,10,01
2019-06-13 01:59:59,2019,juin,13,01
2019-06-16 01:59:59,2019,juin,16,01
2019-06-19 01:59:59,2019,juin,19,01
2019-06-22 01:59:59,2019,juin,22,01
2019-06-25 01:59:59,2019,juin,25,01
2019-06-28 01:59:59,2019,juin,28,01
2019-07-01 01:59:59,2019,juil.,01,01
2019-07-04 01:59:59,2019,juil.,04,01
2019-07-07 01:59:59,2019,juil.,07,01
2019-07-10 01:59:59,2019,juil.,10,01
2019-07-13 01:59:59,2019,juil.,13,01
2019-07-16 01:59:59,2019,juil.,16,01
2019-07-19 01:59:59,2019,juil.,19,01
2019-07-22 01:59:59,2019,juil.,22,01
2019-07-25 01:59:59,2019,juil.,25,01
2019-07-28 01:59:59,2019,juil.,28,01
2019-07-31 01:59:59,2019,juil.,31,01
2019-08-03 01:59:59,2019,août,03,01
2019-08-06 01:59:59,2019,août,06,01
2019-08-09 01:59:59,2019,août,09,01
2019-08-12 01:59:59,2019,août,12,01
2019-08-15 01:59:59,2019,août,15,01
2019-08-18 01:59:59,2019,août,18,01
2019-08-21 01:59:59,2019,août,21,01
2019-08-24 01:59:59,2019,août,24,01
2019-08-27 01:59:59,2019,août,27,01
2019-08-30 01:59:59,2019,août,30,01
2019-09-02 01:59:59,2019,sept.,02,01
2019-09-05 01:59:59,2019,sept.,05,01
2019-09-08 01:59:59,2019,sept.,08,01
2019-09-11 01:59:59,2019,sept.,11,01
2019-09-14 01:59:59,2019,sept.,14,01
2019-09-17 01:59:59,2019,sept.,17,01
2019-09-20 01:59:59,2019,sept.,20,01
2019-09-23 01:59:59,2019,sept.,23,01
2019-09-26 01:59:59,2019,sept.,26,01
2019-09-29 01:59:59,2019,sept.,29,01
2019-10-02 01:59:59,2019,oct.,02,01
2019-10-05 01:59:59,2019,oct.,05,01
2019-10-08 01:59:59,2019,oct.,08,01
2019-10-11 01:59:59,2019,oct.,11,01
2019-10-14 01:59:59,2019,oct.,14,01
2019-10-17 01:59:59,2019,oct.,17,01
2019-10-20 01:59:59,2019,oct.,20,01
2019-10-23 01:59:59,2019,oct.,23,01
2019-10-26 01:59:59,2019,oct.,26,01
2019-10-29 00:59:59,2019,oct.,29,24
2019-11-01 00:59:59,2019,nov.,01,24
2019-11-04 00:59:59,2019,nov.,04,24
2019-11-07 00:59:59,2019,nov.,07,24
2019-11-10 00:59:59,2019,nov.,10,24
2019-11-13 00:59:59,2019,nov.,13,24
2019-11-16 00:59:59,2019,nov.,16,24
2019-11-19 00:59:59,2019,nov.,19,24
2019-11-22 00:59:59,2019,nov.,22,24
2019-11-25 00:59:59,2019,nov.,25,24
2019-11-28 00:59:59,2019,nov.,28,24
2019-12-01 00:59:59,2019,déc.,01,24
2019-12-04 00:59:59,2019,déc.,04,24
2019-12-07 00:59:59,2019,déc.,07,24
2019-12-10 00:59:59,2019,déc.,10,24
2019-12-13 00:59:59,2019,déc.,13,24
2019-12-16 00:59:59,2019,déc.,16,24
2019-12-19 00:59:59,2019,déc.,19,24
2019-12-22 00:59:59,2019,déc.,22,24
2019-12-25 00:59:59,2019,déc.,25,24
2019-12-28 00:59:59,2019,déc.,28,24
2019-12-31 00:59:59,2019,déc.,31,24
2020-01-03 00:59:59,2020,janv.,03,24
2020-01-06 00:59:59,2020,janv.,06,24
2020-01-09 00:59:59,2020,janv.,09,24
2020-01-12 00:59:59,2020,janv.,12,24
2020-01-15 00:59:59,2020,janv.,15,24
2020-01-18 00:59:59,2020,janv.,18,24
2020-01-21 00:59:59,2020,janv.,21,24
2020-01-24 00:59:59,2020,janv.,24,24
2020-01-27 00:59:59,2020,janv.,27,24
2020-01-30 00:59:59,2020,janv.,30,24
2020-02-02 00:59:59,2020,févr.,02,24
2020-02-05 00:59:59,2020,févr.,05,24
2020-02-08 00:59:59,2020,févr.,08,24
2020-02-11 00:59:59,2020,févr.,11,24
2020-02-14 00:59:59,2020,févr.,14,24
2020-02-17 00:59:59,2020,févr.,17,24
2020-02-20 00:59:59,2020,févr.,20,24
2020-02-23 00:59:59,2020,févr.,23,24
2020-02-26 00:59:59,2020,févr.,26,24
2020-02-29 00:59:59,2020,févr.,29,24
2020-03-03 00:59:59,2020,mars,03,24
2020-03-06 00:59:59,2020,mars,06,24
2020-03-09 00:59:59,2020,mars,09,24
2020-03-12 00:59:59,2020,mars,12,24
2020-03-15 00:59:59,2020,mars,15,24
2020-03-18 00:59:59,2020,mars,18,24
2020-03-21 00:59:59,2020,mars,21,24
2020-03-24 00:59:59,2020,mars,24,24
2020-03-27 00:59:59,2020,mars,27,24
2020-03-30 01:59:59,2020,mars,30,01
2020-04-02 01:59:59,2020,avr.,02,01
2020-04-03 13:59:59,2020,avr.,03,13
2023-11-20 03:59:59,2023,nov.,20,03
2022-09-29 04:59:59,2022,sept.,29,04
2020-04-05 01:59:59,2020,avr.,05,01
2020-04-08 01:59:59,2020,avr.,08,01
2020-04-11 01:59:59,2020,avr.,11,01
2020-04-14 01:59:59,2020,avr.,14,01
2020-04-17 01:59:59,2020,avr.,17,01
2020-04-20 01:59:59,2020,avr.,20,01
2020-04-23 01:59:59,2020,avr.,23,01
2020-04-26 01:59:59,2020,avr.,26,01
2020-04-29 01:59:59,2020,avr.,29,01
2020-05-02 01:59:59,2020,mai,02,01
2020-05-05 01:59:59,2020,mai,05,01
2020-05-08 01:59:59,2020,mai,08,01
2020-05-11 01:59:59,2020,mai,11,01
2020-05-14 01:59:59,2020,mai,14,01
2020-05-17 01:59:59,2020,mai,17,01
2020-05-20 01:59:59,2020,mai,20,01
2020-05-23 01:59:59,2020,mai,23,01
2020-05-26 01:59:59,2020,mai,26,01
2020-05-29 01:59:59,2020,mai,29,01
2020-06-01 01:59:59,2020,juin,01,01
2020-06-04 01:59:59,2020,juin,04,01
2020-06-07 01:59:59,2020,juin,07,01
2020-06-10 01:59:59,2020,juin,10,01
2020-06-13 01:59:59,2020,juin,13,01
2020-06-16 01:59:59,2020,juin,16,01
2020-06-19 01:59:59,2020,juin,19,01
2020-06-22 01:59:59,2020,juin,22,01
2020-06-25 01:59:59,2020,juin,25,01
2020-06-28 01:59:59,2020,juin,28,01
2020-07-01 01:59:59,2020,juil.,01,01
2020-07-04 01:59:59,2020,juil.,04,01
2020-07-07 01:59:59,2020,juil.,07,01
2020-07-10 01:59:59,2020,juil.,10,01
2020-07-13 01:59:59,2020,juil.,13,01
2020-07-16 01:59:59,2020,juil.,16,01
2020-07-19 01:59:59,2020,juil.,19,01
2020-07-22 01:59:59,2020,juil.,22,01
2020-07-25 01:59:59,2020,juil.,25,01
2020-07-28 01:59:59,2020,juil.,28,01
2020-07-31 01:59:59,2020,juil.,31,01
2020-08-03 01:59:59,2020,août,03,01
2020-08-06 01:59:59,2020,août,06,01
2020-08-09 01:59:59,2020,août,09,01
2020-08-12 01:59:59,2020,août,12,01
2020-08-15 01:59:59,2020,août,15,01
2020-08-18 01:59:59,2020,août,18,01
2020-08-21 01:59:59,2020,août,21,01
2020-08-24 01:59:59,2020,août,24,01
2020-08-27 01:59:59,2020,août,27,01
2020-08-30 01:59:59,2020,août,30,01
2020-09-02 01:59:59,2020,sept.,02,01
2020-09-05 01:59:59,2020,sept.,05,01
2020-09-08 01:59:59,2020,sept.,08,01
2020-09-11 01:59:59,2020,sept.,11,01
2020-09-14 01:59:59,2020,sept.,14,01
2020-09-17 01:59:59,2020,sept.,17,01
2020-09-20 01:59:59,2020,sept.,20,01
2020-09-23 01:59:59,2020,sept.,23,01
2020-09-26 01:59:59,2020,sept.,26,01
2020-09-29 01:59:59,2020,sept.,29,01
2020-10-02 01:59:59,2020,oct.,02,01
2020-10-05 01:59:59,2020,oct.,05,01
2020-10-08 01:59:59,2020,oct.,08,01
2020-10-11 01:59:59,2020,oct.,11,01
2020-10-14 01:59:59,2020,oct.,14,01
2020-10-17 01:59:59,2020,oct.,17,01
2020-10-20 01:59:59,2020,oct.,20,01
2020-10-23 01:59:59,2020,oct.,23,01
2020-10-26 00:59:59,2020,oct.,26,24
2020-10-29 00:59:59,2020,oct.,29,24
2020-11-01 00:59:59,2020,nov.,01,24
2020-11-04 00:59:59,2020,nov.,04,24
2020-11-07 00:59:59,2020,nov.,07,24
2020-11-10 00:59:59,2020,nov.,10,24
2020-11-13 00:59:59,2020,nov.,13,24
2017-12-02 00:59:59,2017,déc.,02,24
2017-12-05 00:59:59,2017,déc.,05,24
2017-12-08 00:59:59,2017,déc.,08,24
2017-12-11 00:59:59,2017,déc.,11,24
2017-12-14 00:59:59,2017,déc.,14,24
2017-12-17 00:59:59,2017,déc.,17,24
2017-12-20 00:59:59,2017,déc.,20,24
2017-12-23 00:59:59,2017,déc.,23,24
2017-12-26 00:59:59,2017,déc.,26,24
2017-12-29 00:59:59,2017,déc.,29,24
2018-01-01 00:59:59,2018,janv.,01,24
2018-01-04 00:59:59,2018,janv.,04,24
2018-01-07 00:59:59,2018,janv.,07,24
2018-01-10 00:59:59,2018,janv.,10,24
2018-01-13 00:59:59,2018,janv.,13,24
2018-01-16 00:59:59,2018,janv.,16,24
2018-01-19 00:59:59,2018,janv.,19,24
2018-01-22 00:59:59,2018,janv.,22,24
2018-01-25 00:59:59,2018,janv.,25,24
2018-01-28 00:59:59,2018,janv.,28,24
2018-01-31 00:59:59,2018,janv.,31,24
2018-02-03 00:59:59,2018,févr.,03,24
2018-02-06 00:59:59,2018,févr.,06,24
2018-02-08 01:28:16,2018,févr.,08,01
2018-02-12 00:59:59,2018,févr.,12,24
2018-02-15 00:59:59,2018,févr.,15,24
2018-02-18 00:59:59,2018,févr.,18,24
2018-02-21 00:59:59,2018,févr.,21,24
2018-02-24 00:59:59,2018,févr.,24,24
2018-02-27 00:59:59,2018,févr.,27,24
2018-03-02 00:59:59,2018,mars,02,24
2018-03-05 00:59:59,2018,mars,05,24
2018-03-08 00:59:59,2018,mars,08,24
2018-03-11 00:59:59,2018,mars,11,24
2018-03-14 00:59:59,2018,mars,14,24
2018-03-17 00:59:59,2018,mars,17,24
2018-03-20 00:59:59,2018,mars,20,24
2018-03-23 00:59:59,2018,mars,23,24
2018-03-26 01:59:59,2018,mars,26,01
2018-03-29 01:59:59,2018,mars,29,01
2018-04-01 01:59:59,2018,avr.,01,01
2018-04-04 01:59:59,2018,avr.,04,01
2018-04-07 01:59:59,2018,avr.,07,01
2018-04-10 01:59:59,2018,avr.,10,01
2018-04-13 01:59:59,2018,avr.,13,01
2018-04-16 01:59:59,2018,avr.,16,01
2018-04-19 01:59:59,2018,avr.,19,01
2018-04-22 01:59:59,2018,avr.,22,01
2018-04-25 01:59:59,2018,avr.,25,01
2018-04-28 01:59:59,2018,avr.,28,01
2018-05-01 01:59:59,2018,mai,01,01
2018-05-04 01:59:59,2018,mai,04,01
2018-05-07 01:59:59,2018,mai,07,01
2018-05-10 01:59:59,2018,mai,10,01
2018-05-13 01:59:59,2018,mai,13,01
2018-05-16 01:59:59,2018,mai,16,01
2018-05-19 01:59:59,2018,mai,19,01
2018-05-22 01:59:59,2018,mai,22,01
2018-05-25 01:59:59,2018,mai,25,01
2018-05-28 01:59:59,2018,mai,28,01
2018-05-31 01:59:59,2018,mai,31,01
2018-06-03 01:59:59,2018,juin,03,01
2018-06-06 01:59:59,2018,juin,06,01
2018-06-09 01:59:59,2018,juin,09,01
2018-06-12 01:59:59,2018,juin,12,01
2018-06-15 01:59:59,2018,juin,15,01
2018-06-18 01:59:59,2018,juin,18,01
2018-06-21 01:59:59,2018,juin,21,01
2018-06-24 01:59:59,2018,juin,24,01
2018-06-27 01:59:59,2018,juin,27,01
2018-06-30 01:59:59,2018,juin,30,01
2018-07-03 01:59:59,2018,juil.,03,01
2018-07-06 01:59:59,2018,juil.,06,01
2018-07-09 01:59:59,2018,juil.,09,01
2018-07-12 01:59:59,2018,juil.,12,01
2018-07-15 01:59:59,2018,juil.,15,01
2018-07-18 01:59:59,2018,juil.,18,01
2018-07-21 01:59:59,2018,juil.,21,01
2018-07-24 01:59:59,2018,juil.,24,01
2018-07-27 01:59:59,2018,juil.,27,01
2018-07-30 01:59:59,2018,juil.,30,01
2018-08-02 01:59:59,2018,août,02,01
2018-08-05 01:59:59,2018,août,05,01
2018-08-08 01:59:59,2018,août,08,01
2018-08-11 01:59:59,2018,août,11,01
2018-08-14 01:59:59,2018,août,14,01
2018-08-17 01:59:59,2018,août,17,01
2018-08-20 01:59:59,2018,août,20,01
2018-08-23 01:59:59,2018,août,23,01
2018-08-26 01:59:59,2018,août,26,01
2018-08-29 01:59:59,2018,août,29,01
2018-09-01 01:59:59,2018,sept.,01,01
2018-09-04 01:59:59,2018,sept.,04,01
2018-09-07 01:59:59,2018,sept.,07,01
2018-09-10 01:59:59,2018,sept.,10,01
2018-09-13 01:59:59,2018,sept.,13,01
2018-09-16 01:59:59,2018,sept.,16,01
2018-09-19 01:59:59,2018,sept.,19,01
2018-09-22 01:59:59,2018,sept.,22,01
2018-09-25 01:59:59,2018,sept.,25,01
2018-09-28 01:59:59,2018,sept.,28,01
2018-10-01 01:59:59,2018,oct.,01,01
2018-10-04 01:59:59,2018,oct.,04,01
2018-10-07 01:59:59,2018,oct.,07,01
2018-10-10 01:59:59,2018,oct.,10,01
2018-10-13 01:59:59,2018,oct.,13,01
2018-10-16 01:59:59,2018,oct.,16,01
2018-10-19 01:59:59,2018,oct.,19,01
2018-10-22 01:59:59,2018,oct.,22,01
2018-10-25 01:59:59,2018,oct.,25,01
2018-10-28 01:59:59,2018,oct.,28,01
2018-10-31 00:59:59,2018,oct.,31,24
2018-11-03 00:59:59,2018,nov.,03,24
2018-11-06 00:59:59,2018,nov.,06,24
2018-11-09 00:59:59,2018,nov.,09,24
2018-11-12 00:59:59,2018,nov.,12,24
2018-11-15 00:59:59,2018,nov.,15,24
2018-11-18 00:59:59,2018,nov.,18,24
2018-11-21 00:59:59,2018,nov.,21,24
2018-11-24 00:59:59,2018,nov.,24,24
2018-11-27 00:59:59,2018,nov.,27,24
2018-11-30 00:59:59,2018,nov.,30,24
2018-12-03 00:59:59,2018,déc.,03,24
2018-12-06 00:59:59,2018,déc.,06,24
2018-12-09 00:59:59,2018,déc.,09,24
2018-12-12 00:59:59,2018,déc.,12,24
2018-12-15 00:59:59,2018,déc.,15,24
2018-12-18 00:59:59,2018,déc.,18,24
2018-12-21 00:59:59,2018,déc.,21,24
2018-12-24 00:59:59,2018,déc.,24,24
2018-12-27 00:59:59,2018,déc.,27,24
2018-12-30 00:59:59,2018,déc.,30,24
2019-01-02 00:59:59,2019,janv.,02,24
2019-01-05 00:59:59,2019,janv.,05,24
2019-01-08 00:59:59,2019,janv.,08,24
2019-01-11 00:59:59,2019,janv.,11,24
2019-01-14 00:59:59,2019,janv.,14,24
2019-01-17 00:59:59,2019,janv.,17,24
2019-01-20 00:59:59,2019,janv.,20,24
2019-01-23 00:59:59,2019,janv.,23,24
2019-01-26 00:59:59,2019,janv.,26,24
2019-01-29 00:59:59,2019,janv.,29,24
2019-02-01 00:59:59,2019,févr.,01,24
2019-02-04 00:59:59,2019,févr.,04,24
2019-02-07 00:59:59,2019,févr.,07,24
2019-02-10 00:59:59,2019,févr.,10,24
2019-02-13 00:59:59,2019,févr.,13,24
2019-02-16 00:59:59,2019,févr.,16,24
2019-02-19 00:59:59,2019,févr.,19,24
2019-02-22 00:59:59,2019,févr.,22,24
2019-02-25 00:59:59,2019,févr.,25,24
2019-02-28 00:59:59,2019,févr.,28,24
2019-03-03 00:59:59,2019,mars,03,24
2019-03-06 00:59:59,2019,mars,06,24
2019-03-09 00:59:59,2019,mars,09,24
2019-03-12 00:59:59,2019,mars,12,24
2019-03-15 00:59:59,2019,mars,15,24
2019-03-18 00:59:59,2019,mars,18,24
2019-03-21 00:59:59,2019,mars,21,24
2019-03-24 00:59:59,2019,mars,24,24
2019-03-27 00:59:59,2019,mars,27,24
2019-12-04 08:59:59,2019,déc.,04,08
2018-02-08 01:28:16,2018,févr.,08,01
2023-10-20 06:59:59,2023,oct.,20,06
2018-02-08 01:28:16,2018,févr.,08,01
2020-03-27 12:59:59,2020,mars,27,12
2020-12-30 10:59:59,2020,déc.,30,10
2020-11-17 12:59:59,2020,nov.,17,12
2023-12-05 19:31:59,2023,déc.,05,19
2018-06-08 01:59:59,2018,juin,08,01
2018-06-11 01:59:59,2018,juin,11,01
2018-06-14 01:59:59,2018,juin,14,01
2018-06-17 01:59:59,2018,juin,17,01
2018-06-20 01:59:59,2018,juin,20,01
2018-06-23 01:59:59,2018,juin,23,01
2018-06-26 01:59:59,2018,juin,26,01
2018-06-29 01:59:59,2018,juin,29,01
2018-07-02 01:59:59,2018,juil.,02,01
2018-07-05 01:59:59,2018,juil.,05,01
2018-07-08 01:59:59,2018,juil.,08,01
2018-07-11 01:59:59,2018,juil.,11,01
2018-07-14 01:59:59,2018,juil.,14,01
2018-07-17 01:59:59,2018,juil.,17,01
2018-07-20 01:59:59,2018,juil.,20,01
2018-07-23 01:59:59,2018,juil.,23,01
2018-07-26 01:59:59,2018,juil.,26,01
2018-07-29 01:59:59,2018,juil.,29,01
2018-08-01 01:59:59,2018,août,01,01
2018-08-04 01:59:59,2018,août,04,01
2018-08-07 01:59:59,2018,août,07,01
2018-08-10 01:59:59,2018,août,10,01
2018-08-13 01:59:59,2018,août,13,01
2018-08-16 01:59:59,2018,août,16,01
2018-08-19 01:59:59,2018,août,19,01
2018-08-22 01:59:59,2018,août,22,01
2018-08-25 01:59:59,2018,août,25,01
2018-08-28 01:59:59,2018,août,28,01
2018-08-31 01:59:59,2018,août,31,01
2018-09-03 01:59:59,2018,sept.,03,01
2018-09-06 01:59:59,2018,sept.,06,01
2018-09-09 01:59:59,2018,sept.,09,01
2018-09-12 01:59:59,2018,sept.,12,01
2018-09-15 01:59:59,2018,sept.,15,01
2018-09-18 01:59:59,2018,sept.,18,01
2018-09-21 01:59:59,2018,sept.,21,01
2018-09-24 01:59:59,2018,sept.,24,01
2018-09-27 01:59:59,2018,sept.,27,01
2018-09-30 01:59:59,2018,sept.,30,01
2018-10-03 01:59:59,2018,oct.,03,01
2018-10-06 01:59:59,2018,oct.,06,01
2018-10-09 01:59:59,2018,oct.,09,01
2018-10-12 01:59:59,2018,oct.,12,01
2018-10-15 01:59:59,2018,oct.,15,01
2018-10-18 01:59:59,2018,oct.,18,01
2018-10-21 01:59:59,2018,oct.,21,01
2018-10-24 01:59:59,2018,oct.,24,01
2018-10-27 01:59:59,2018,oct.,27,01
2018-10-30 00:59:59,2018,oct.,30,24
2018-11-02 00:59:59,2018,nov.,02,24
2018-11-05 00:59:59,2018,nov.,05,24
2018-11-08 00:59:59,2018,nov.,08,24
2018-11-11 00:59:59,2018,nov.,11,24
2018-11-14 00:59:59,2018,nov.,14,24
2018-11-17 00:59:59,2018,nov.,17,24
2018-11-20 00:59:59,2018,nov.,20,24
2018-11-23 00:59:59,2018,nov.,23,24
2018-11-26 00:59:59,2018,nov.,26,24
2018-11-29 00:59:59,2018,nov.,29,24
2018-12-02 00:59:59,2018,déc.,02,24
2018-12-05 00:59:59,2018,déc.,05,24
2018-12-08 00:59:59,2018,déc.,08,24
2018-12-11 00:59:59,2018,déc.,11,24
2018-12-14 00:59:59,2018,déc.,14,24
2018-12-17 00:59:59,2018,déc.,17,24
2018-12-20 00:59:59,2018,déc.,20,24
2018-12-23 00:59:59,2018,déc.,23,24
2018-12-26 00:59:59,2018,déc.,26,24
2018-12-29 00:59:59,2018,déc.,29,24
2019-01-01 00:59:59,2019,janv.,01,24
2019-01-04 00:59:59,2019,janv.,04,24
2019-01-07 00:59:59,2019,janv.,07,24
2019-01-10 00:59:59,2019,janv.,10,24
2019-01-13 00:59:59,2019,janv.,13,24
2019-01-16 00:59:59,2019,janv.,16,24
2019-01-19 00:59:59,2019,janv.,19,24
2019-01-22 00:59:59,2019,janv.,22,24
2019-01-25 00:59:59,2019,janv.,25,24
2019-01-28 00:59:59,2019,janv.,28,24
2019-01-31 00:59:59,2019,janv.,31,24
2019-02-03 00:59:59,2019,févr.,03,24
2019-02-06 00:59:59,2019,févr.,06,24
2019-02-09 00:59:59,2019,févr.,09,24
2019-02-12 00:59:59,2019,févr.,12,24
2019-02-15 00:59:59,2019,févr.,15,24
2019-02-18 00:59:59,2019,févr.,18,24
2019-02-21 00:59:59,2019,févr.,21,24
2019-02-24 00:59:59,2019,févr.,24,24
2019-02-27 00:59:59,2019,févr.,27,24
2019-03-02 00:59:59,2019,mars,02,24
2019-03-05 00:59:59,2019,mars,05,24
2019-03-08 00:59:59,2019,mars,08,24
2019-03-11 00:59:59,2019,mars,11,24
2019-03-14 00:59:59,2019,mars,14,24
2019-03-17 00:59:59,2019,mars,17,24
2019-03-20 00:59:59,2019,mars,20,24
2019-03-23 00:59:59,2019,mars,23,24
2019-03-26 00:59:59,2019,mars,26,24
2019-03-29 00:59:59,2019,mars,29,24
2019-04-01 01:59:59,2019,avr.,01,01
2019-04-04 01:59:59,2019,avr.,04,01
2019-04-07 01:59:59,2019,avr.,07,01
2019-04-10 01:59:59,2019,avr.,10,01
2019-04-13 01:59:59,2019,avr.,13,01
2019-04-16 01:59:59,2019,avr.,16,01
2019-04-19 01:59:59,2019,avr.,19,01
2019-04-22 01:59:59,2019,avr.,22,01
2019-04-25 01:59:59,2019,avr.,25,01
2019-04-28 01:59:59,2019,avr.,28,01
2019-05-01 01:59:59,2019,mai,01,01
2019-05-04 01:59:59,2019,mai,04,01
2019-05-07 01:59:59,2019,mai,07,01
2019-05-10 01:59:59,2019,mai,10,01
2019-05-13 01:59:59,2019,mai,13,01
2019-05-16 01:59:59,2019,mai,16,01
2019-05-19 01:59:59,2019,mai,19,01
2019-05-22 01:59:59,2019,mai,22,01
2019-05-25 01:59:59,2019,mai,25,01
2019-05-28 01:59:59,2019,mai,28,01
2019-05-31 01:59:59,2019,mai,31,01
2019-06-03 01:59:59,2019,juin,03,01
2019-06-06 01:59:59,2019,juin,06,01
2019-06-09 01:59:59,2019,juin,09,01
2019-06-12 01:59:59,2019,juin,12,01
2019-06-15 01:59:59,2019,juin,15,01
2019-06-18 01:59:59,2019,juin,18,01
2019-06-21 01:59:59,2019,juin,21,01
2019-06-24 01:59:59,2019,juin,24,01
2019-06-27 01:59:59,2019,juin,27,01
2019-06-30 01:59:59,2019,juin,30,01
2019-07-03 01:59:59,2019,juil.,03,01
2019-07-06 01:59:59,2019,juil.,06,01
2019-07-09 01:59:59,2019,juil.,09,01
2019-07-12 01:59:59,2019,juil.,12,01
2019-07-15 01:59:59,2019,juil.,15,01
2019-07-18 01:59:59,2019,juil.,18,01
2019-07-21 01:59:59,2019,juil.,21,01
2019-07-24 01:59:59,2019,juil.,24,01
2019-07-27 01:59:59,2019,juil.,27,01
2019-07-30 01:59:59,2019,juil.,30,01
2019-08-02 01:59:59,2019,août,02,01
2019-08-05 01:59:59,2019,août,05,01
2019-08-08 01:59:59,2019,août,08,01
2019-08-11 01:59:59,2019,août,11,01
2019-08-14 01:59:59,2019,août,14,01
2019-08-17 01:59:59,2019,août,17,01
2019-08-20 01:59:59,2019,août,20,01
2019-08-23 01:59:59,2019,août,23,01
2019-08-26 01:59:59,2019,août,26,01
2019-08-29 01:59:59,2019,août,29,01
2019-09-01 01:59:59,2019,sept.,01,01
2019-09-04 01:59:59,2019,sept.,04,01
2019-09-07 01:59:59,2019,sept.,07,01
2019-09-10 01:59:59,2019,sept.,10,01
2019-09-13 01:59:59,2019,sept.,13,01
2019-09-16 01:59:59,2019,sept.,16,01
2019-09-19 01:59:59,2019,sept.,19,01
2019-09-22 01:59:59,2019,sept.,22,01
2019-09-25 01:59:59,2019,sept.,25,01
2019-09-28 01:59:59,2019,sept.,28,01
2019-10-01 01:59:59,2019,oct.,01,01
2019-10-04 01:59:59,2019,oct.,04,01
2019-10-07 01:59:59,2019,oct.,07,01
2019-10-10 01:59:59,2019,oct.,10,01
2019-10-13 01:59:59,2019,oct.,13,01
2019-10-16 01:59:59,2019,oct.,16,01
2019-10-19 01:59:59,2019,oct.,19,01
2019-10-22 01:59:59,2019,oct.,22,01
2019-10-25 01:59:59,2019,oct.,25,01
2019-10-28 00:59:59,2019,oct.,28,24
2019-10-31 00:59:59,2019,oct.,31,24
2019-11-03 00:59:59,2019,nov.,03,24
2019-11-06 00:59:59,2019,nov.,06,24
2019-11-09 00:59:59,2019,nov.,09,24
2019-11-12 00:59:59,2019,nov.,12,24
2019-11-15 00:59:59,2019,nov.,15,24
2019-11-18 00:59:59,2019,nov.,18,24
2019-11-21 00:59:59,2019,nov.,21,24
2020-04-24 13:59:59,2020,avr.,24,13
2021-05-28 08:59:59,2021,mai,28,08
2020-05-29 13:59:59,2020,mai,29,13
2023-12-11 03:59:59,2023,déc.,11,03
2022-05-12 04:59:59,2022,mai,12,04
2020-12-18 12:59:59,2020,déc.,18,12
2023-01-27 03:59:59,2023,janv.,27,03
2020-11-10 12:59:59,2020,nov.,10,12
2022-07-07 04:59:59,2022,juil.,07,04
2023-02-27 09:59:59,2023,févr.,27,09
2022-05-14 05:59:59,2022,mai,14,05
2023-11-10 03:59:59,2023,nov.,10,03
2023-08-25 04:59:59,2023,août,25,04
2021-12-17 03:59:59,2021,déc.,17,03
2020-07-03 13:59:59,2020,juil.,03,13
2021-06-10 13:59:59,2021,juin,10,13
2020-01-07 08:59:59,2020,janv.,07,08
2022-09-16 04:59:59,2022,sept.,16,04
2023-09-29 06:59:59,2023,sept.,29,06
2022-03-03 03:59:59,2022,mars,03,03
2023-01-06 03:59:59,2023,janv.,06,03
2017-11-13 00:59:59,2017,nov.,13,24
2017-11-16 00:59:59,2017,nov.,16,24
2017-11-19 00:59:59,2017,nov.,19,24
2017-11-22 00:59:59,2017,nov.,22,24
2017-11-25 00:59:59,2017,nov.,25,24
2017-11-28 00:59:59,2017,nov.,28,24
2017-12-01 00:59:59,2017,déc.,01,24
2017-12-04 00:59:59,2017,déc.,04,24
2017-12-07 00:59:59,2017,déc.,07,24
2017-12-10 00:59:59,2017,déc.,10,24
2017-12-13 00:59:59,2017,déc.,13,24
2017-12-16 00:59:59,2017,déc.,16,24
2017-12-19 00:59:59,2017,déc.,19,24
2017-12-22 00:59:59,2017,déc.,22,24
2017-12-25 00:59:59,2017,déc.,25,24
2017-12-28 00:59:59,2017,déc.,28,24
2017-12-31 00:59:59,2017,déc.,31,24
2018-01-03 00:59:59,2018,janv.,03,24
2018-01-06 00:59:59,2018,janv.,06,24
2018-01-09 00:59:59,2018,janv.,09,24
2018-01-12 00:59:59,2018,janv.,12,24
2018-01-15 00:59:59,2018,janv.,15,24
2018-01-18 00:59:59,2018,janv.,18,24
2018-01-21 00:59:59,2018,janv.,21,24
2018-01-24 00:59:59,2018,janv.,24,24
2018-01-27 00:59:59,2018,janv.,27,24
2018-01-30 00:59:59,2018,janv.,30,24
2018-02-02 00:59:59,2018,févr.,02,24
2018-02-05 00:59:59,2018,févr.,05,24
2018-02-08 00:59:59,2018,févr.,08,24
2018-02-11 00:59:59,2018,févr.,11,24
2018-02-14 00:59:59,2018,févr.,14,24
2018-02-17 00:59:59,2018,févr.,17,24
2018-02-20 00:59:59,2018,févr.,20,24
2018-02-23 00:59:59,2018,févr.,23,24
2018-02-26 00:59:59,2018,févr.,26,24
2018-03-01 00:59:59,2018,mars,01,24
2018-03-04 00:59:59,2018,mars,04,24
2018-03-07 00:59:59,2018,mars,07,24
2018-03-10 00:59:59,2018,mars,10,24
2018-03-13 00:59:59,2018,mars,13,24
2018-03-16 00:59:59,2018,mars,16,24
2018-03-19 00:59:59,2018,mars,19,24
2018-03-22 00:59:59,2018,mars,22,24
2018-03-25 00:59:59,2018,mars,25,24
2018-03-28 01:59:59,2018,mars,28,01
2018-03-31 01:59:59,2018,mars,31,01
2018-04-03 01:59:59,2018,avr.,03,01
2018-04-06 01:59:59,2018,avr.,06,01
2018-04-09 01:59:59,2018,avr.,09,01
2018-04-12 01:59:59,2018,avr.,12,01
2018-04-15 01:59:59,2018,avr.,15,01
2018-04-18 01:59:59,2018,avr.,18,01
2018-04-21 01:59:59,2018,avr.,21,01
2018-04-24 01:59:59,2018,avr.,24,01
2018-04-27 01:59:59,2018,avr.,27,01
2018-04-30 01:59:59,2018,avr.,30,01
2018-05-03 01:59:59,2018,mai,03,01
2018-05-06 01:59:59,2018,mai,06,01
2018-05-09 01:59:59,2018,mai,09,01
2018-05-12 01:59:59,2018,mai,12,01
2018-05-15 01:59:59,2018,mai,15,01
2018-05-18 01:59:59,2018,mai,18,01
2018-05-21 01:59:59,2018,mai,21,01
2018-05-24 01:59:59,2018,mai,24,01
2018-05-27 01:59:59,2018,mai,27,01
2018-05-30 01:59:59,2018,mai,30,01
2018-06-02 01:59:59,2018,juin,02,01
2018-06-05 01:59:59,2018,juin,05,01
2020-03-20 12:59:59,2020,mars,20,12
2023-09-15 04:59:59,2023,sept.,15,04
2020-05-09 13:59:59,2020,mai,09,13
2023-05-26 04:59:59,2023,mai,26,04
2022-12-27 03:59:59,2022,déc.,27,03
2023-09-01 04:59:59,2023,sept.,01,04
2019-09-30 09:59:59,2019,sept.,30,09
2022-03-30 05:59:59,2022,mars,30,05
2023-05-26 06:59:59,2023,mai,26,06
2023-03-16 03:59:59,2023,mars,16,03
2023-01-06 07:59:59,2023,janv.,06,07
2022-06-02 04:59:59,2022,juin,02,04
2023-07-13 04:59:59,2023,juil.,13,04
2021-12-27 09:59:59,2021,déc.,27,09
2023-11-24 03:59:59,2023,nov.,24,03
2023-05-11 04:59:59,2023,mai,11,04
2017-11-04 00:59:59,2017,nov.,04,24
2017-11-07 00:59:59,2017,nov.,07,24
2017-11-10 00:59:59,2017,nov.,10,24
2022-11-28 03:59:59,2022,nov.,28,03
2023-09-29 04:59:59,2023,sept.,29,04
2020-05-22 13:59:59,2020,mai,22,13
2017-11-18 00:59:59,2017,nov.,18,24
2017-11-21 00:59:59,2017,nov.,21,24
2017-11-24 00:59:59,2017,nov.,24,24
2017-11-27 00:59:59,2017,nov.,27,24
2017-11-30 00:59:59,2017,nov.,30,24
2020-07-20 11:59:59,2020,juil.,20,11
2023-02-10 08:59:59,2023,févr.,10,08
2017-10-22 01:59:59,2017,oct.,22,01
2017-10-25 01:59:59,2017,oct.,25,01
2017-10-28 01:59:59,2017,oct.,28,01
2017-10-31 00:59:59,2017,oct.,31,24
2017-11-03 00:59:59,2017,nov.,03,24
2017-11-06 00:59:59,2017,nov.,06,24
2017-11-09 00:59:59,2017,nov.,09,24
2017-11-12 00:59:59,2017,nov.,12,24
2017-11-15 00:59:59,2017,nov.,15,24
2022-12-30 03:59:59,2022,déc.,30,03
2023-08-04 04:59:59,2023,août,04,04
2023-03-24 06:59:59,2023,mars,24,06
2023-09-22 06:59:59,2023,sept.,22,06
2022-04-28 04:59:59,2022,avr.,28,04
2019-11-01 08:59:59,2019,nov.,01,08
2023-09-08 06:59:59,2023,sept.,08,06
2023-04-18 04:59:59,2023,avr.,18,04
2022-05-26 04:59:59,2022,mai,26,04
2023-05-04 04:59:59,2023,mai,04,04
2021-01-08 12:59:59,2021,janv.,08,12
2021-09-18 13:59:59,2021,sept.,18,13
2020-02-20 08:59:59,2020,févr.,20,08
2021-06-18 13:59:59,2021,juin,18,13
2017-11-14 00:59:59,2017,nov.,14,24
2017-11-17 00:59:59,2017,nov.,17,24
2017-11-20 00:59:59,2017,nov.,20,24
2017-11-23 00:59:59,2017,nov.,23,24
2017-11-26 00:59:59,2017,nov.,26,24
2017-11-29 00:59:59,2017,nov.,29,24
2018-02-08 01:28:16,2018,févr.,08,01
2018-11-16 09:08:13,2018,nov.,16,09
2018-11-20 03:59:59,2018,nov.,20,03
2017-08-05 01:59:59,2017,août,05,01
2017-08-08 01:59:59,2017,août,08,01
2017-08-11 01:59:59,2017,août,11,01
2017-08-14 01:59:59,2017,août,14,01
2017-08-17 01:59:59,2017,août,17,01
2017-08-20 01:59:59,2017,août,20,01
2017-08-23 01:59:59,2017,août,23,01
2017-08-26 01:59:59,2017,août,26,01
2017-08-29 01:59:59,2017,août,29,01
2017-09-01 01:59:59,2017,sept.,01,01
2017-09-04 01:59:59,2017,sept.,04,01
2017-09-07 01:59:59,2017,sept.,07,01
2017-09-10 01:59:59,2017,sept.,10,01
2017-09-13 01:59:59,2017,sept.,13,01
2017-09-16 01:59:59,2017,sept.,16,01
2017-09-19 01:59:59,2017,sept.,19,01
2017-09-22 01:59:59,2017,sept.,22,01
2017-09-25 01:59:59,2017,sept.,25,01
2017-09-28 01:59:59,2017,sept.,28,01
2017-10-01 01:59:59,2017,oct.,01,01
2017-10-04 01:59:59,2017,oct.,04,01
2017-10-07 01:59:59,2017,oct.,07,01
2017-10-10 01:59:59,2017,oct.,10,01
2017-10-13 01:59:59,2017,oct.,13,01
2017-10-16 01:59:59,2017,oct.,16,01
2017-10-19 01:59:59,2017,oct.,19,01
2018-11-15 17:39:59,2018,nov.,15,17
2018-11-20 03:59:05,2018,nov.,20,03
2018-02-08 01:28:16,2018,févr.,08,01
2018-11-16 09:08:06,2018,nov.,16,09
2018-11-20 03:59:59,2018,nov.,20,03
2018-02-08 01:28:16,2018,févr.,08,01
2018-11-16 09:08:09,2018,nov.,16,09
2018-11-20 03:59:59,2018,nov.,20,03
2022-03-08 09:59:59,2022,mars,08,09
2020-06-12 13:59:59,2020,juin,12,13
2019-11-28 02:59:59,2019,nov.,28,02
2021-08-02 05:59:59,2021,août,02,05
2020-11-09 08:59:59,2020,nov.,09,08
2022-01-04 03:59:59,2022,janv.,04,03
2019-04-22 11:59:59,2019,avr.,22,11
2018-10-12 11:59:59,2018,oct.,12,11
2018-10-19 11:37:06,2018,oct.,19,11
2018-10-19 11:37:06,2018,oct.,19,11
2018-10-19 11:37:06,2018,oct.,19,11
2018-02-08 01:28:16,2018,févr.,08,01
2018-02-08 01:28:16,2018,févr.,08,01
2021-02-10 10:59:59,2021,févr.,10,10
2018-02-08 01:28:16,2018,févr.,08,01
2023-10-26 07:59:59,2023,oct.,26,07
2023-01-26 09:59:59,2023,janv.,26,09
2020-03-31 11:59:59,2020,mars,31,11
2023-10-13 07:59:59,2023,oct.,13,07
2023-08-17 04:59:59,2023,août,17,04
2023-10-11 09:59:59,2023,oct.,11,09
2023-06-14 04:59:59,2023,juin,14,04
2020-08-07 05:59:59,2020,août,07,05
2018-02-08 01:28:17,2018,févr.,08,01
2018-02-08 01:28:17,2018,févr.,08,01
2018-02-08 01:28:17,2018,févr.,08,01
2023-09-29 08:59:59,2023,sept.,29,08
2017-07-17 01:59:59,2017,juil.,17,01
2017-07-20 01:59:59,2017,juil.,20,01
2017-07-23 01:59:59,2017,juil.,23,01
2017-07-26 01:59:59,2017,juil.,26,01
2017-07-29 01:59:59,2017,juil.,29,01
2017-08-01 01:59:59,2017,août,01,01
2017-08-04 01:59:59,2017,août,04,01
2017-08-07 01:59:59,2017,août,07,01
2017-08-10 01:59:59,2017,août,10,01
2017-08-13 01:59:59,2017,août,13,01
2017-08-16 01:59:59,2017,août,16,01
2017-08-19 01:59:59,2017,août,19,01
2017-08-22 01:59:59,2017,août,22,01
2017-08-25 01:59:59,2017,août,25,01
2017-08-28 01:59:59,2017,août,28,01
2017-08-31 01:59:59,2017,août,31,01
2017-09-03 01:59:59,2017,sept.,03,01
2017-09-06 01:59:59,2017,sept.,06,01
2017-09-09 01:59:59,2017,sept.,09,01
2017-09-12 01:59:59,2017,sept.,12,01
2017-09-15 01:59:59,2017,sept.,15,01
2017-09-18 01:59:59,2017,sept.,18,01
2017-09-21 01:59:59,2017,sept.,21,01
2017-09-24 01:59:59,2017,sept.,24,01
2017-09-27 01:59:59,2017,sept.,27,01
2017-09-30 01:59:59,2017,sept.,30,01
2017-10-03 01:59:59,2017,oct.,03,01
2017-10-06 01:59:59,2017,oct.,06,01
2017-10-09 01:59:59,2017,oct.,09,01
2017-10-12 01:59:59,2017,oct.,12,01
2017-10-15 01:59:59,2017,oct.,15,01
2017-10-18 01:59:59,2017,oct.,18,01
2017-10-21 01:59:59,2017,oct.,21,01
2017-10-24 01:59:59,2017,oct.,24,01
2017-10-27 01:59:59,2017,oct.,27,01
2017-10-30 00:59:59,2017,oct.,30,24
2017-11-02 00:59:59,2017,nov.,02,24
2017-11-05 00:59:59,2017,nov.,05,24
2017-11-08 00:59:59,2017,nov.,08,24
2017-11-11 00:59:59,2017,nov.,11,24
2018-02-08 01:28:14,2018,févr.,08,01
2021-04-13 04:59:59,2021,avr.,13,04
2017-08-12 01:59:59,2017,août,12,01
2017-08-15 01:59:59,2017,août,15,01
2017-08-18 01:59:59,2017,août,18,01
2017-08-21 01:59:59,2017,août,21,01
2017-08-24 01:59:59,2017,août,24,01
2017-08-27 01:59:59,2017,août,27,01
2017-08-30 01:59:59,2017,août,30,01
2017-09-02 01:59:59,2017,sept.,02,01
2017-09-05 01:59:59,2017,sept.,05,01
2017-09-08 01:59:59,2017,sept.,08,01
2017-09-11 01:59:59,2017,sept.,11,01
2017-09-14 01:59:59,2017,sept.,14,01
2017-09-17 01:59:59,2017,sept.,17,01
2017-09-20 01:59:59,2017,sept.,20,01
2017-09-23 01:59:59,2017,sept.,23,01
2017-09-26 01:59:59,2017,sept.,26,01
2017-09-29 01:59:59,2017,sept.,29,01
2017-10-02 01:59:59,2017,oct.,02,01
2017-10-05 01:59:59,2017,oct.,05,01
2017-10-08 01:59:59,2017,oct.,08,01
2017-10-11 01:59:59,2017,oct.,11,01
2017-10-14 01:59:59,2017,oct.,14,01
2017-10-17 01:59:59,2017,oct.,17,01
2017-10-20 01:59:59,2017,oct.,20,01
2017-10-23 01:59:59,2017,oct.,23,01
2017-10-26 01:59:59,2017,oct.,26,01
2017-10-29 01:59:59,2017,oct.,29,01
2017-11-01 00:59:59,2017,nov.,01,24
2022-05-19 04:59:59,2022,mai,19,04
2021-02-09 12:59:59,2021,févr.,09,12
2021-09-06 05:59:59,2021,sept.,06,05
2022-05-13 02:49:59,2022,mai,13,02
2021-04-02 11:59:59,2021,avr.,02,11
2017-07-30 01:59:59,2017,juil.,30,01
2017-08-02 01:59:59,2017,août,02,01
2023-02-16 03:59:59,2023,févr.,16,03
2023-02-10 03:59:59,2023,févr.,10,03
2021-02-21 06:59:59,2021,févr.,21,06
2021-08-16 05:59:59,2021,août,16,05
2020-12-04 12:59:59,2020,déc.,04,12
2022-08-11 10:59:59,2022,août,11,10
2019-09-27 12:59:59,2019,sept.,27,12
2023-12-15 05:59:59,2023,déc.,15,05
2022-04-01 05:00:08,2022,avr.,01,05
2021-03-15 07:59:59,2021,mars,15,07
2022-12-22 09:59:59,2022,déc.,22,09
2018-05-22 08:45:35,2018,mai,22,08
2018-02-08 01:28:15,2018,févr.,08,01
2022-10-24 10:59:59,2022,oct.,24,10
2018-02-08 01:28:15,2018,févr.,08,01
2020-02-07 08:59:59,2020,févr.,07,08
2020-10-23 13:59:59,2020,oct.,23,13
2020-04-30 13:59:59,2020,avr.,30,13
2023-12-07 03:59:59,2023,déc.,07,03
2022-01-17 04:59:59,2022,janv.,17,04
2020-07-31 13:59:59,2020,juil.,31,13
2023-03-02 03:59:59,2023,mars,02,03
2021-11-03 12:59:59,2021,nov.,03,12
2021-02-19 12:59:59,2021,févr.,19,12
2021-12-20 04:59:59,2021,déc.,20,04
2021-11-12 09:59:59,2021,nov.,12,09
2021-12-24 03:59:59,2021,déc.,24,03
2023-11-03 03:59:59,2023,nov.,03,03
2021-10-18 05:59:59,2021,oct.,18,05
2018-02-08 01:28:17,2018,févr.,08,01
2018-10-19 11:37:31,2018,oct.,19,11
2018-02-08 01:28:17,2018,févr.,08,01
2018-10-19 11:37:31,2018,oct.,19,11
2022-04-21 04:59:59,2022,avr.,21,04
2023-08-18 04:59:59,2023,août,18,04
2019-02-22 10:59:59,2019,févr.,22,10
2018-02-08 01:28:16,2018,févr.,08,01
2018-02-08 01:28:16,2018,févr.,08,01
2021-01-29 12:59:59,2021,janv.,29,12
2018-02-08 01:28:16,2018,févr.,08,01
2018-02-08 01:28:16,2018,févr.,08,01
2018-02-08 01:28:16,2018,févr.,08,01
2018-02-08 01:28:16,2018,févr.,08,01
2020-03-11 12:59:59,2020,mars,11,12
2021-01-19 02:59:59,2021,janv.,19,02
2023-05-29 09:59:59,2023,mai,29,09
2020-12-28 13:39:59,2020,déc.,28,13
2021-09-24 09:59:59,2021,sept.,24,09
2022-12-09 03:59:59,2022,déc.,09,03
2020-08-12 05:59:59,2020,août,12,05
2021-08-06 13:59:59,2021,août,06,13
2021-06-25 13:59:59,2021,juin,25,13
2021-11-05 09:59:59,2021,nov.,05,09
2018-02-08 01:28:14,2018,févr.,08,01
2021-04-06 05:05:20,2021,avr.,06,05
2021-10-21 04:59:59,2021,oct.,21,04
2022-11-29 03:59:59,2022,nov.,29,03
2021-03-29 05:59:59,2021,mars,29,05
2021-04-27 05:59:59,2021,avr.,27,05
2020-06-18 05:59:59,2020,juin,18,05
2020-09-27 05:59:59,2020,sept.,27,05
2023-08-17 07:59:59,2023,août,17,07
2021-12-23 03:59:59,2021,déc.,23,03
2022-05-09 05:59:59,2022,mai,09,05
2020-08-31 04:59:59,2020,août,31,04
2018-02-08 01:28:15,2018,févr.,08,01
2018-02-08 01:28:15,2018,févr.,08,01
2019-12-20 08:59:59,2019,déc.,20,08
2019-11-15 08:59:59,2019,nov.,15,08
2020-01-17 13:35:42,2020,janv.,17,13
2020-01-17 13:35:46,2020,janv.,17,13
2018-02-08 01:28:14,2018,févr.,08,01
2020-01-17 13:35:23,2020,janv.,17,13
2020-01-17 13:35:30,2020,janv.,17,13
2018-05-22 08:46:18,2018,mai,22,08
2022-02-17 03:59:59,2022,févr.,17,03
2022-04-01 05:00:09,2022,avr.,01,05
2023-11-17 05:59:59,2023,nov.,17,05
2023-05-18 04:59:59,2023,mai,18,04
2023-04-07 07:59:59,2023,avr.,07,07
2022-11-15 05:29:59,2022,nov.,15,05
2018-02-08 01:28:16,2018,févr.,08,01
2018-02-08 01:28:16,2018,févr.,08,01
2021-12-10 03:59:59,2021,déc.,10,03
2023-12-13 03:59:59,2023,déc.,13,03
2018-02-08 01:28:14,2018,févr.,08,01
2023-05-26 07:59:59,2023,mai,26,07
2022-06-16 04:59:59,2022,juin,16,04
2022-03-18 03:59:59,2022,mars,18,03
2020-12-07 04:59:59,2020,déc.,07,04
2020-02-28 12:59:59,2020,févr.,28,12
2022-07-08 10:59:59,2022,juil.,08,10
2020-05-15 13:59:59,2020,mai,15,13
2023-01-30 03:59:59,2023,janv.,30,03
2022-04-25 05:59:59,2022,avr.,25,05
2018-02-08 01:28:16,2018,févr.,08,01
2018-02-08 01:28:16,2018,févr.,08,01
2022-04-11 10:59:59,2022,avr.,11,10
2022-01-28 03:59:59,2022,janv.,28,03
2023-11-10 06:29:59,2023,nov.,10,06
2022-10-14 04:59:59,2022,oct.,14,04
2023-03-24 03:59:59,2023,mars,24,03
2022-06-09 04:59:59,2022,juin,09,04
2017-09-10 05:59:59,2017,sept.,10,05
2018-08-08 05:59:59,2018,août,08,05
2018-10-19 11:38:03,2018,oct.,19,11
2018-10-19 11:38:00,2018,oct.,19,11
2018-10-19 11:37:42,2018,oct.,19,11
2018-10-19 11:37:42,2018,oct.,19,11
2023-09-15 06:59:59,2023,sept.,15,06
2020-09-11 05:59:59,2020,sept.,11,05
2018-02-08 01:28:15,2018,févr.,08,01
2023-10-20 08:59:59,2023,oct.,20,08
2018-02-08 01:28:15,2018,févr.,08,01
2022-03-10 03:59:59,2022,mars,10,03
2023-10-27 09:59:59,2023,oct.,27,09
2022-02-16 04:59:59,2022,févr.,16,04
2023-09-01 05:59:59,2023,sept.,01,05
2022-02-24 03:59:59,2022,févr.,24,03
2022-11-18 03:59:59,2022,nov.,18,03
2020-10-12 04:59:59,2020,oct.,12,04
2023-04-06 04:59:59,2023,avr.,06,04
2023-06-14 07:59:59,2023,juin,14,07
2017-09-09 05:59:59,2017,sept.,09,05
2018-02-08 01:28:14,2018,févr.,08,01
2018-02-08 01:28:14,2018,févr.,08,01
2018-02-08 01:28:14,2018,févr.,08,01
2022-01-27 03:59:59,2022,janv.,27,03
2023-10-06 08:59:59,2023,oct.,06,08
2022-05-13 02:39:59,2022,mai,13,02
2022-05-26 16:59:59,2022,mai,26,16
2023-11-03 05:59:59,2023,nov.,03,05
2023-11-07 03:59:59,2023,nov.,07,03
2020-11-02 08:59:59,2020,nov.,02,08
2023-01-03 03:59:59,2023,janv.,03,03
2022-04-01 05:00:09,2022,avr.,01,05
2018-02-08 01:28:15,2018,févr.,08,01
2018-02-08 01:28:15,2018,févr.,08,01
2022-01-24 04:59:59,2022,janv.,24,04
2018-02-08 01:28:16,2018,févr.,08,01
2018-02-08 01:28:14,2018,févr.,08,01
2018-02-08 01:28:16,2018,févr.,08,01
2021-04-05 06:21:50,2021,avr.,05,06
2021-04-05 06:22:05,2021,avr.,05,06
2018-02-08 01:28:15,2018,févr.,08,01
2023-10-13 08:59:59,2023,oct.,13,08
2023-09-08 08:59:59,2023,sept.,08,08
2018-02-08 01:28:14,2018,févr.,08,01
2018-02-08 01:28:14,2018,févr.,08,01
2023-09-22 08:59:59,2023,sept.,22,08
2021-07-19 11:59:59,2021,juil.,19,11
2018-11-30 13:59:59,2018,nov.,30,13
2023-06-14 09:59:59,2023,juin,14,09
2021-11-01 04:59:59,2021,nov.,01,04
2019-05-22 05:59:59,2019,mai,22,05
2018-02-08 01:28:16,2018,févr.,08,01
2020-11-12 10:59:59,2020,nov.,12,10
2018-02-08 01:28:16,2018,févr.,08,01
2022-10-10 04:59:59,2022,oct.,10,04
2023-07-05 04:59:59,2023,juil.,05,04
2021-09-30 10:59:59,2021,sept.,30,10
2023-05-11 07:59:59,2023,mai,11,07
2023-07-17 04:59:59,2023,juil.,17,04
2022-07-04 05:59:59,2022,juil.,04,05
2018-02-08 01:28:15,2018,févr.,08,01
2018-02-08 01:28:15,2018,févr.,08,01
2018-02-08 01:28:15,2018,févr.,08,01
2022-04-01 05:00:09,2022,avr.,01,05
2018-02-08 01:28:15,2018,févr.,08,01
2018-02-08 01:28:15,2018,févr.,08,01
2022-03-14 04:59:59,2022,mars,14,04
2018-08-14 05:59:59,2018,août,14,05
2018-10-19 11:38:50,2018,oct.,19,11
2018-10-19 11:38:49,2018,oct.,19,11
2018-10-19 11:38:49,2018,oct.,19,11
2023-08-17 09:59:59,2023,août,17,09
2018-02-08 01:28:15,2018,févr.,08,01
2018-02-08 01:28:15,2018,févr.,08,01
2021-08-26 11:59:59,2021,août,26,11
2018-02-08 01:28:15,2018,févr.,08,01
2021-04-26 05:59:59,2021,avr.,26,05
2023-08-22 04:59:59,2023,août,22,04
2018-02-08 01:28:15,2018,févr.,08,01
2018-02-08 01:28:15,2018,févr.,08,01
2023-09-15 08:59:59,2023,sept.,15,08
2020-06-08 04:59:59,2020,juin,08,04
2020-11-12 08:59:59,2020,nov.,12,08
2021-06-14 05:59:59,2021,juin,14,05
2021-03-23 06:59:59,2021,mars,23,06
2021-12-14 03:59:59,2021,déc.,14,03
2021-03-10 06:59:59,2021,mars,10,06
2021-11-25 03:59:59,2021,nov.,25,03
2018-02-08 01:28:17,2018,févr.,08,01
2018-10-19 11:36:55,2018,oct.,19,11
2018-02-08 01:28:17,2018,févr.,08,01
2018-10-19 11:36:54,2018,oct.,19,11
2018-02-08 01:28:17,2018,févr.,08,01
2018-10-19 11:36:54,2018,oct.,19,11
2018-06-12 09:59:00,2018,juin,12,09
2019-03-14 04:59:59,2019,mars,14,04
2022-09-26 04:59:59,2022,sept.,26,04
2023-11-27 03:59:59,2023,nov.,27,03
2018-12-16 03:59:59,2018,déc.,16,03
2020-06-24 08:59:59,2020,juin,24,08
2022-04-22 04:59:59,2022,avr.,22,04
2018-07-23 06:00:00,2018,juil.,23,06
2018-10-19 11:38:34,2018,oct.,19,11
2018-10-19 11:38:34,2018,oct.,19,11
2018-10-19 11:38:34,2018,oct.,19,11
2018-10-19 11:38:34,2018,oct.,19,11
2018-02-08 01:28:15,2018,févr.,08,01
2018-02-08 01:28:17,2018,févr.,08,01
2018-02-08 01:28:17,2018,févr.,08,01
2018-02-08 01:28:15,2018,févr.,08,01
2022-10-31 03:59:59,2022,oct.,31,03
2018-02-08 01:28:17,2018,févr.,08,01
2018-02-08 01:28:17,2018,févr.,08,01
2018-02-08 01:28:16,2018,févr.,08,01
2018-02-08 01:28:16,2018,févr.,08,01
2021-08-26 04:59:59,2021,août,26,04
2018-02-08 01:28:16,2018,févr.,08,01
2018-02-08 01:28:15,2018,févr.,08,01
2023-05-12 04:59:59,2023,mai,12,04
2018-02-08 01:28:15,2018,févr.,08,01
2021-01-25 02:59:59,2021,janv.,25,02
2021-12-02 04:00:01,2021,déc.,02,04
2021-12-02 04:00:01,2021,déc.,02,04
2017-09-06 23:56:18,2017,sept.,06,23
2018-02-08 01:28:14,2018,févr.,08,01
2018-02-08 01:28:15,2018,févr.,08,01
2018-02-08 01:28:15,2018,févr.,08,01
2018-02-08 01:28:15,2018,févr.,08,01
